名前,フォルム,タイプ1,タイプ2,HP,攻撃,防御,特攻,特防,素早さ,特性1,特性2,夢特性
フシギダネ,通常,くさ,どく,45,49,49,65,65,45,しんりょく,,ようりょくそ
フシギソウ,通常,くさ,どく,60,62,63,80,80,60,しんりょく,,ようりょくそ
フシギバナ,通常,くさ,どく,80,82,83,100,100,80,しんりょく,,ようりょくそ
フシギバナ,メガフシギバナ,くさ,どく,80,100,123,122,120,80,あついしぼう,,
フシギバナ,キョダイマックス,くさ,どく,80,82,83,100,100,80,しんりょく,,ようりょくそ
ヒトカゲ,通常,ほのお,,39,52,43,60,50,65,もうか,,サンパワー
リザード,通常,ほのお,,58,64,58,80,65,80,もうか,,サンパワー
リザードン,通常,ほのお,ひこう,78,84,78,109,85,100,もうか,,サンパワー
リザードン,メガリザードンＸ,ほのお,ドラゴン,78,130,111,130,85,100,かたいツメ,,
リザードン,メガリザードンＹ,ほのお,ひこう,78,104,78,159,115,100,ひでり,,
リザードン,キョダイマックス,ほのお,ひこう,78,84,78,109,85,100,もうか,,サンパワー
ゼニガメ,通常,みず,,44,48,65,50,64,43,げきりゅう,,あめうけざら
カメール,通常,みず,,59,63,80,65,80,58,げきりゅう,,あめうけざら
カメックス,通常,みず,,79,83,100,85,105,78,げきりゅう,,あめうけざら
カメックス,メガカメックス,みず,,79,103,120,135,115,78,メガランチャー,,
カメックス,キョダイマックス,みず,,79,83,100,85,105,78,げきりゅう,,あめうけざら
キャタピー,通常,むし,,45,30,35,20,20,45,りんぷん,,にげあし
トランセル,通常,むし,,50,20,55,25,25,30,だっぴ,,
バタフリー,通常,むし,ひこう,60,45,50,90,80,70,ふくがん,,いろめがね
バタフリー,キョダイマックス,むし,ひこう,60,45,50,90,80,70,ふくがん,,いろめがね
ビードル,通常,むし,どく,40,35,30,20,20,50,りんぷん,,にげあし
コクーン,通常,むし,どく,45,25,50,25,25,35,だっぴ,,
スピアー,通常,むし,どく,65,90,40,45,80,75,むしのしらせ,,スナイパー
スピアー,メガスピアー,むし,どく,65,150,40,15,80,145,てきおうりょく,,
ポッポ,通常,ノーマル,ひこう,40,45,40,35,35,56,するどいめ,ちどりあし,はとむね
ピジョン,通常,ノーマル,ひこう,63,60,55,50,50,71,するどいめ,ちどりあし,はとむね
ピジョット,通常,ノーマル,ひこう,83,80,75,70,70,101,するどいめ,ちどりあし,はとむね
ピジョット,メガピジョット,ノーマル,ひこう,83,80,80,135,80,121,ノーガード,,
コラッタ,通常,ノーマル,,30,56,35,25,35,72,にげあし,こんじょう,はりきり
コラッタ,アローラのすがた,あく,ノーマル,30,56,35,25,35,72,くいしんぼう,はりきり,あついしぼう
ラッタ,通常,ノーマル,,55,81,60,50,70,97,にげあし,こんじょう,はりきり
ラッタ,アローラのすがた,あく,ノーマル,75,71,70,40,80,77,くいしんぼう,はりきり,あついしぼう
ラッタ,ぬし,あく,ノーマル,75,71,70,40,80,77,くいしんぼう,はりきり,あついしぼう
オニスズメ,通常,ノーマル,ひこう,40,60,30,31,31,70,するどいめ,,スナイパー
オニドリル,通常,ノーマル,ひこう,65,90,65,61,61,100,するどいめ,,スナイパー
アーボ,通常,どく,,35,60,44,40,54,55,いかく,だっぴ,きんちょうかん
アーボック,通常,どく,,60,95,69,65,79,80,いかく,だっぴ,きんちょうかん
ピカチュウ,通常,でんき,,35,55,40,50,50,90,せいでんき,,ひらいしん
ピカチュウ,ハードロック・ピカチュウ,でんき,,35,55,40,50,50,90,せいでんき,,ひらいしん
ピカチュウ,マダム・ピカチュウ,でんき,,35,55,40,50,50,90,せいでんき,,ひらいしん
ピカチュウ,アイドル・ピカチュウ,でんき,,35,55,40,50,50,90,せいでんき,,ひらいしん
ピカチュウ,ドクター・ピカチュウ,でんき,,35,55,40,50,50,90,せいでんき,,ひらいしん
ピカチュウ,マスクド・ピカチュウ,でんき,,35,55,40,50,50,90,せいでんき,,ひらいしん
ピカチュウ,おきがえピカチュウ,でんき,,35,55,40,50,50,90,せいでんき,,ひらいしん
ピカチュウ,オリジナルキャップ,でんき,,35,55,40,50,50,90,せいでんき,,ひらいしん
ピカチュウ,ホウエンキャップ,でんき,,35,55,40,50,50,90,せいでんき,,ひらいしん
ピカチュウ,シンオウキャップ,でんき,,35,55,40,50,50,90,せいでんき,,ひらいしん
ピカチュウ,イッシュキャップ,でんき,,35,55,40,50,50,90,せいでんき,,ひらいしん
ピカチュウ,カロスキャップ,でんき,,35,55,40,50,50,90,せいでんき,,ひらいしん
ピカチュウ,アローラキャップ,でんき,,35,55,40,50,50,90,せいでんき,,ひらいしん
ピカチュウ,キミにきめたキャップ,でんき,,35,55,40,50,50,90,せいでんき,,ひらいしん
ピカチュウ,相棒,でんき,,45,80,50,75,60,120,せいでんき,,ひらいしん
ピカチュウ,ワールドキャップ,でんき,,35,55,40,50,50,90,せいでんき,,ひらいしん
ピカチュウ,キョダイマックス,でんき,,35,55,40,50,50,90,せいでんき,,ひらいしん
ライチュウ,通常,でんき,,60,90,55,90,80,110,せいでんき,,ひらいしん
ライチュウ,アローラのすがた,でんき,エスパー,60,85,50,95,85,110,サーフテール,,
サンド,通常,じめん,,50,75,85,20,30,40,すながくれ,,すなかき
サンド,アローラのすがた,こおり,はがね,50,75,90,10,35,40,ゆきがくれ,,ゆきかき
サンドパン,通常,じめん,,75,100,110,45,55,65,すながくれ,,すなかき
サンドパン,アローラのすがた,こおり,はがね,75,100,120,25,65,65,ゆきがくれ,,ゆきかき
ニドラン♀,通常,どく,,55,47,52,40,40,41,どくのトゲ,とうそうしん,はりきり
ニドリーナ,通常,どく,,70,62,67,55,55,56,どくのトゲ,とうそうしん,はりきり
ニドクイン,通常,どく,じめん,90,92,87,75,85,76,どくのトゲ,とうそうしん,ちからずく
ニドラン♂,通常,どく,,46,57,40,40,40,50,どくのトゲ,とうそうしん,はりきり
ニドリーノ,通常,どく,,61,72,57,55,55,65,どくのトゲ,とうそうしん,はりきり
ニドキング,通常,どく,じめん,81,102,77,85,75,85,どくのトゲ,とうそうしん,ちからずく
ピッピ,通常,フェアリー,,70,45,48,60,65,35,メロメロボディ,マジックガード,フレンドガード
ピクシー,通常,フェアリー,,95,70,73,95,90,60,メロメロボディ,マジックガード,てんねん
ロコン,通常,ほのお,,38,41,40,50,65,65,もらいび,,ひでり
ロコン,アローラのすがた,こおり,,38,41,40,50,65,65,ゆきがくれ,,ゆきふらし
キュウコン,通常,ほのお,,73,76,75,81,100,100,もらいび,,ひでり
キュウコン,アローラのすがた,こおり,フェアリー,73,67,75,81,100,109,ゆきがくれ,,ゆきふらし
プリン,通常,ノーマル,フェアリー,115,45,20,45,25,20,メロメロボディ,かちき,フレンドガード
プクリン,通常,ノーマル,フェアリー,140,70,45,85,50,45,メロメロボディ,かちき,おみとおし
ズバット,通常,どく,ひこう,40,45,35,30,40,55,せいしんりょく,,すりぬけ
ゴルバット,通常,どく,ひこう,75,80,70,65,75,90,せいしんりょく,,すりぬけ
ナゾノクサ,通常,くさ,どく,45,50,55,75,65,30,ようりょくそ,,にげあし
クサイハナ,通常,くさ,どく,60,65,70,85,75,40,ようりょくそ,,あくしゅう
ラフレシア,通常,くさ,どく,75,80,85,110,90,50,ようりょくそ,,ほうし
パラス,通常,むし,くさ,35,70,55,45,55,25,ほうし,かんそうはだ,しめりけ
パラセクト,通常,むし,くさ,60,95,80,60,80,30,ほうし,かんそうはだ,しめりけ
コンパン,通常,むし,どく,60,55,50,40,55,45,ふくがん,いろめがね,にげあし
モルフォン,通常,むし,どく,70,65,60,90,75,90,りんぷん,いろめがね,ミラクルスキン
ディグダ,通常,じめん,,10,55,25,35,45,95,すながくれ,ありじごく,すなのちから
ディグダ,アローラのすがた,じめん,はがね,10,55,30,35,45,90,すながくれ,カーリーヘアー,すなのちから
ダグトリオ,通常,じめん,,35,100,50,50,70,120,すながくれ,ありじごく,すなのちから
ダグトリオ,アローラのすがた,じめん,はがね,35,100,60,50,70,110,すながくれ,カーリーヘアー,すなのちから
ニャース,通常,ノーマル,,40,45,35,40,40,90,ものひろい,テクニシャン,きんちょうかん
ニャース,アローラのすがた,あく,,40,35,35,50,40,90,ものひろい,テクニシャン,びびり
ニャース,ガラルのすがた,はがね,,50,65,55,40,40,40,ものひろい,かたいツメ,きんちょうかん
ニャース,キョダイマックス,ノーマル,,40,45,35,40,40,90,ものひろい,テクニシャン,きんちょうかん
ペルシアン,通常,ノーマル,,65,70,60,65,65,115,じゅうなん,テクニシャン,きんちょうかん
ペルシアン,アローラのすがた,あく,,65,60,60,75,65,115,ファーコート,テクニシャン,びびり
コダック,通常,みず,,50,52,48,65,50,55,しめりけ,ノーてんき,すいすい
ゴルダック,通常,みず,,80,82,78,95,80,85,しめりけ,ノーてんき,すいすい
マンキー,通常,かくとう,,40,80,35,35,45,70,やるき,いかりのつぼ,まけんき
オコリザル,通常,かくとう,,65,105,60,60,70,95,やるき,いかりのつぼ,まけんき
ガーディ,通常,ほのお,,55,70,45,70,50,60,いかく,もらいび,せいぎのこころ
ガーディ,ヒスイのすがた,ほのお,いわ,60,75,45,65,50,55,いかく,もらいび,いしあたま
ウインディ,通常,ほのお,,90,110,80,100,80,95,いかく,もらいび,せいぎのこころ
ウインディ,ヒスイのすがた,ほのお,いわ,95,115,80,95,80,90,いかく,もらいび,いしあたま
ニョロモ,通常,みず,,40,50,40,40,40,90,ちょすい,しめりけ,すいすい
ニョロゾ,通常,みず,,65,65,65,50,50,90,ちょすい,しめりけ,すいすい
ニョロボン,通常,みず,かくとう,90,95,95,70,90,70,ちょすい,しめりけ,すいすい
ケーシィ,通常,エスパー,,25,20,15,105,55,90,シンクロ,せいしんりょく,マジックガード
ユンゲラー,通常,エスパー,,40,35,30,120,70,105,シンクロ,せいしんりょく,マジックガード
フーディン,通常,エスパー,,55,50,45,135,95,120,シンクロ,せいしんりょく,マジックガード
フーディン,メガフーディン,エスパー,,55,50,65,175,105,150,トレース,,
ワンリキー,通常,かくとう,,70,80,50,35,35,35,こんじょう,ノーガード,ふくつのこころ
ゴーリキー,通常,かくとう,,80,100,70,50,60,45,こんじょう,ノーガード,ふくつのこころ
カイリキー,通常,かくとう,,90,130,80,65,85,55,こんじょう,ノーガード,ふくつのこころ
カイリキー,キョダイマックス,かくとう,,90,130,80,65,85,55,こんじょう,ノーガード,ふくつのこころ
マダツボミ,通常,くさ,どく,50,75,35,70,30,40,ようりょくそ,,くいしんぼう
ウツドン,通常,くさ,どく,65,90,50,85,45,55,ようりょくそ,,くいしんぼう
ウツボット,通常,くさ,どく,80,105,65,100,70,70,ようりょくそ,,くいしんぼう
メノクラゲ,通常,みず,どく,40,40,35,50,100,70,クリアボディ,ヘドロえき,あめうけざら
ドククラゲ,通常,みず,どく,80,70,65,80,120,100,クリアボディ,ヘドロえき,あめうけざら
イシツブテ,通常,いわ,じめん,40,80,100,30,30,20,いしあたま,がんじょう,すながくれ
イシツブテ,アローラのすがた,いわ,でんき,40,80,100,30,30,20,じりょく,がんじょう,エレキスキン
ゴローン,通常,いわ,じめん,55,95,115,45,45,35,いしあたま,がんじょう,すながくれ
ゴローン,アローラのすがた,いわ,でんき,55,95,115,45,45,35,じりょく,がんじょう,エレキスキン
ゴローニャ,通常,いわ,じめん,80,120,130,55,65,45,いしあたま,がんじょう,すながくれ
ゴローニャ,アローラのすがた,いわ,でんき,80,120,130,55,65,45,じりょく,がんじょう,エレキスキン
ポニータ,通常,ほのお,,50,85,55,65,65,90,にげあし,もらいび,ほのおのからだ
ポニータ,ガラルのすがた,エスパー,,50,85,55,65,65,90,にげあし,パステルベール,きけんよち
ギャロップ,通常,ほのお,,65,100,70,80,80,105,にげあし,もらいび,ほのおのからだ
ギャロップ,ガラルのすがた,エスパー,フェアリー,65,100,70,80,80,105,にげあし,パステルベール,きけんよち
ヤドン,通常,みず,エスパー,90,65,65,40,40,15,どんかん,マイペース,さいせいりょく
ヤドン,ガラルのすがた,エスパー,,90,65,65,40,40,15,くいしんぼう,マイペース,さいせいりょく
ヤドラン,通常,みず,エスパー,95,75,110,100,80,30,どんかん,マイペース,さいせいりょく
ヤドラン,メガヤドラン,みず,エスパー,95,75,180,130,80,30,シェルアーマー,,
ヤドラン,ガラルのすがた,どく,エスパー,95,100,95,100,70,30,クイックドロウ,マイペース,さいせいりょく
コイル,通常,でんき,はがね,25,35,70,95,55,45,じりょく,がんじょう,アナライズ
レアコイル,通常,でんき,はがね,50,60,95,120,70,70,じりょく,がんじょう,アナライズ
カモネギ,通常,ノーマル,ひこう,52,90,55,58,62,60,するどいめ,せいしんりょく,まけんき
カモネギ,ガラルのすがた,かくとう,,52,95,55,58,62,55,ふくつのこころ,,きもったま
ドードー,通常,ノーマル,ひこう,35,85,45,35,35,75,にげあし,はやおき,ちどりあし
ドードリオ,通常,ノーマル,ひこう,60,110,70,60,60,110,にげあし,はやおき,ちどりあし
パウワウ,通常,みず,,65,45,55,45,70,45,あついしぼう,うるおいボディ,アイスボディ
ジュゴン,通常,みず,こおり,90,70,80,70,95,70,あついしぼう,うるおいボディ,アイスボディ
ベトベター,通常,どく,,80,80,50,40,50,25,あくしゅう,ねんちゃく,どくしゅ
ベトベター,アローラのすがた,どく,あく,80,80,50,40,50,25,どくしゅ,くいしんぼう,かがくのちから
ベトベトン,通常,どく,,105,105,75,65,100,50,あくしゅう,ねんちゃく,どくしゅ
ベトベトン,アローラのすがた,どく,あく,105,105,75,65,100,50,どくしゅ,くいしんぼう,かがくのちから
シェルダー,通常,みず,,30,65,100,45,25,40,シェルアーマー,スキルリンク,ぼうじん
パルシェン,通常,みず,こおり,50,95,180,85,45,70,シェルアーマー,スキルリンク,ぼうじん
ゴース,通常,ゴースト,どく,30,35,30,100,35,80,ふゆう,,
ゴースト,通常,ゴースト,どく,45,50,45,115,55,95,ふゆう,,
ゲンガー,通常,ゴースト,どく,60,65,60,130,75,110,のろわれボディ,,
ゲンガー,メガゲンガー,ゴースト,どく,60,65,80,170,95,130,かげふみ,,
ゲンガー,キョダイマックス,ゴースト,どく,60,65,60,130,75,110,のろわれボディ,,
イワーク,通常,いわ,じめん,35,45,160,30,45,70,いしあたま,がんじょう,くだけるよろい
スリープ,通常,エスパー,,60,48,45,43,90,42,ふみん,よちむ,せいしんりょく
スリーパー,通常,エスパー,,85,73,70,73,115,67,ふみん,よちむ,せいしんりょく
クラブ,通常,みず,,30,105,90,25,25,50,かいりきバサミ,シェルアーマー,ちからずく
キングラー,通常,みず,,55,130,115,50,50,75,かいりきバサミ,シェルアーマー,ちからずく
キングラー,キョダイマックス,みず,,55,130,115,50,50,75,かいりきバサミ,シェルアーマー,ちからずく
ビリリダマ,通常,でんき,,40,30,50,55,55,100,ぼうおん,せいでんき,ゆうばく
ビリリダマ,ヒスイのすがた,でんき,くさ,40,30,50,55,55,100,ぼうおん,せいでんき,ゆうばく
マルマイン,通常,でんき,,60,50,70,80,80,150,ぼうおん,せいでんき,ゆうばく
マルマイン,ヒスイのすがた,でんき,くさ,60,50,70,80,80,150,ぼうおん,せいでんき,ゆうばく
タマタマ,通常,くさ,エスパー,60,40,80,60,45,40,ようりょくそ,,しゅうかく
ナッシー,通常,くさ,エスパー,95,95,85,125,75,55,ようりょくそ,,しゅうかく
ナッシー,アローラのすがた,くさ,ドラゴン,95,105,85,125,75,45,おみとおし,,しゅうかく
カラカラ,通常,じめん,,50,50,95,40,50,35,いしあたま,ひらいしん,カブトアーマー
ガラガラ,通常,じめん,,60,80,110,50,80,45,いしあたま,ひらいしん,カブトアーマー
ガラガラ,アローラのすがた,ほのお,ゴースト,60,80,110,50,80,45,のろわれボディ,ひらいしん,いしあたま
ガラガラ,ぬし,ほのお,ゴースト,60,80,110,50,80,45,のろわれボディ,ひらいしん,いしあたま
サワムラー,通常,かくとう,,50,120,53,35,110,87,じゅうなん,すてみ,かるわざ
エビワラー,通常,かくとう,,50,105,79,35,110,76,するどいめ,てつのこぶし,せいしんりょく
ベロリンガ,通常,ノーマル,,90,55,75,60,75,30,マイペース,どんかん,ノーてんき
ドガース,通常,どく,,40,65,95,60,45,35,ふゆう,かがくへんかガス,あくしゅう
マタドガス,通常,どく,,65,90,120,85,70,60,ふゆう,かがくへんかガス,あくしゅう
マタドガス,ガラルのすがた,どく,フェアリー,65,90,120,85,70,60,ふゆう,かがくへんかガス,ミストメイカー
サイホーン,通常,じめん,いわ,80,85,95,30,30,25,ひらいしん,いしあたま,すてみ
サイドン,通常,じめん,いわ,105,130,120,45,45,40,ひらいしん,いしあたま,すてみ
ラッキー,通常,ノーマル,,250,5,5,35,105,50,しぜんかいふく,てんのめぐみ,いやしのこころ
モンジャラ,通常,くさ,,65,55,115,100,40,60,ようりょくそ,リーフガード,さいせいりょく
ガルーラ,通常,ノーマル,,105,95,80,40,80,90,はやおき,きもったま,せいしんりょく
ガルーラ,メガガルーラ,ノーマル,,105,125,100,60,100,100,おやこあい,,
タッツー,通常,みず,,30,40,70,70,25,60,すいすい,スナイパー,しめりけ
シードラ,通常,みず,,55,65,95,95,45,85,どくのトゲ,スナイパー,しめりけ
トサキント,通常,みず,,45,67,60,35,50,63,すいすい,みずのベール,ひらいしん
アズマオウ,通常,みず,,80,92,65,65,80,68,すいすい,みずのベール,ひらいしん
ヒトデマン,通常,みず,,30,45,55,70,55,85,はっこう,しぜんかいふく,アナライズ
スターミー,通常,みず,エスパー,60,75,85,100,85,115,はっこう,しぜんかいふく,アナライズ
バリヤード,通常,エスパー,フェアリー,40,45,65,100,120,90,ぼうおん,フィルター,テクニシャン
バリヤード,ガラルのすがた,こおり,エスパー,50,65,65,90,90,100,やるき,バリアフリー,アイスボディ
ストライク,通常,むし,ひこう,70,110,80,55,80,105,むしのしらせ,テクニシャン,ふくつのこころ
ルージュラ,通常,こおり,エスパー,65,50,35,115,95,95,どんかん,よちむ,かんそうはだ
エレブー,通常,でんき,,65,83,57,95,85,105,せいでんき,,やるき
ブーバー,通常,ほのお,,65,95,57,100,85,93,ほのおのからだ,,やるき
カイロス,通常,むし,,65,125,100,55,70,85,かいりきバサミ,かたやぶり,じしんかじょう
カイロス,メガカイロス,むし,ひこう,65,155,120,65,90,105,スカイスキン,,
ケンタロス,通常,ノーマル,,75,100,95,40,70,110,いかく,いかりのつぼ,ちからずく
ケンタロス,パルデアのすがた,かくとう,,75,110,105,30,70,100,いかく,いかりのつぼ,はんすう
ケンタロス,パルデアのすがた,かくとう,ほのお,75,110,105,30,70,100,いかく,いかりのつぼ,はんすう
ケンタロス,パルデアのすがた,かくとう,みず,75,110,105,30,70,100,いかく,いかりのつぼ,はんすう
コイキング,通常,みず,,20,10,55,15,20,80,すいすい,,びびり
ギャラドス,通常,みず,ひこう,95,125,79,60,100,81,いかく,,じしんかじょう
ギャラドス,メガギャラドス,みず,あく,95,155,109,70,130,81,かたやぶり,,
ラプラス,通常,みず,こおり,130,85,80,85,95,60,ちょすい,シェルアーマー,うるおいボディ
ラプラス,キョダイマックス,みず,こおり,130,85,80,85,95,60,ちょすい,シェルアーマー,うるおいボディ
メタモン,通常,ノーマル,,48,48,48,48,48,48,じゅうなん,,かわりもの
イーブイ,通常,ノーマル,,55,55,50,45,65,55,にげあし,てきおうりょく,きけんよち
イーブイ,相棒,ノーマル,,65,75,70,65,85,75,にげあし,てきおうりょく,きけんよち
イーブイ,キョダイマックス,ノーマル,,55,55,50,45,65,55,にげあし,てきおうりょく,きけんよち
シャワーズ,通常,みず,,130,65,60,110,95,65,ちょすい,,うるおいボディ
サンダース,通常,でんき,,65,65,60,110,95,130,ちくでん,,はやあし
ブースター,通常,ほのお,,65,130,60,95,110,65,もらいび,,こんじょう
ポリゴン,通常,ノーマル,,65,60,70,85,75,40,トレース,ダウンロード,アナライズ
オムナイト,通常,いわ,みず,35,40,100,90,55,35,すいすい,シェルアーマー,くだけるよろい
オムスター,通常,いわ,みず,70,60,125,115,70,55,すいすい,シェルアーマー,くだけるよろい
カブト,通常,いわ,みず,30,80,90,55,45,55,すいすい,カブトアーマー,くだけるよろい
カブトプス,通常,いわ,みず,60,115,105,65,70,80,すいすい,カブトアーマー,くだけるよろい
プテラ,通常,いわ,ひこう,80,105,65,60,75,130,いしあたま,プレッシャー,きんちょうかん
プテラ,メガプテラ,いわ,ひこう,80,135,85,70,95,150,かたいツメ,,
カビゴン,通常,ノーマル,,160,110,65,65,110,30,めんえき,あついしぼう,くいしんぼう
カビゴン,キョダイマックス,ノーマル,,160,110,65,65,110,30,めんえき,あついしぼう,くいしんぼう
フリーザー,通常,こおり,ひこう,90,85,100,95,125,85,プレッシャー,,ゆきがくれ
フリーザー,ガラルのすがた,エスパー,ひこう,90,85,85,125,100,95,かちき,,
サンダー,通常,でんき,ひこう,90,90,85,125,90,100,プレッシャー,,せいでんき
サンダー,ガラルのすがた,かくとう,ひこう,90,125,90,85,90,100,まけんき,,
ファイヤー,通常,ほのお,ひこう,90,100,90,125,85,90,プレッシャー,,ほのおのからだ
ファイヤー,ガラルのすがた,あく,ひこう,90,85,90,100,125,90,ぎゃくじょう,,
ミニリュウ,通常,ドラゴン,,41,64,45,50,50,50,だっぴ,,ふしぎなうろこ
ハクリュー,通常,ドラゴン,,61,84,65,70,70,70,だっぴ,,ふしぎなうろこ
カイリュー,通常,ドラゴン,ひこう,91,134,95,100,100,80,せいしんりょく,,マルチスケイル
カイリュー,メガカイリュー,ドラゴン,ひこう,91,124,115,145,125,100,せいしんりょく,,マルチスケイル
ミュウツー,通常,エスパー,,106,110,90,154,90,130,プレッシャー,,きんちょうかん
ミュウツー,メガミュウツーＸ,エスパー,かくとう,106,190,100,154,100,130,ふくつのこころ,,
ミュウツー,メガミュウツーＹ,エスパー,,106,150,70,194,120,140,ふみん,,
ミュウ,通常,エスパー,,100,100,100,100,100,100,シンクロ,,
チコリータ,通常,くさ,,45,49,65,49,65,45,しんりょく,,リーフガード
ベイリーフ,通常,くさ,,60,62,80,63,80,60,しんりょく,,リーフガード
メガニウム,通常,くさ,,80,82,100,83,100,80,しんりょく,,リーフガード
ヒノアラシ,通常,ほのお,,39,52,43,60,50,65,もうか,,もらいび
マグマラシ,通常,ほのお,,58,64,58,80,65,80,もうか,,もらいび
バクフーン,通常,ほのお,,78,84,78,109,85,100,もうか,,もらいび
バクフーン,ヒスイのすがた,ほのお,ゴースト,73,84,78,119,85,95,もうか,,おみとおし
ワニノコ,通常,みず,,50,65,64,44,48,43,げきりゅう,,ちからずく
アリゲイツ,通常,みず,,65,80,80,59,63,58,げきりゅう,,ちからずく
オーダイル,通常,みず,,85,105,100,79,83,78,げきりゅう,,ちからずく
オタチ,通常,ノーマル,,35,46,34,35,45,20,にげあし,するどいめ,おみとおし
オオタチ,通常,ノーマル,,85,76,64,45,55,90,にげあし,するどいめ,おみとおし
ホーホー,通常,ノーマル,ひこう,60,30,30,36,56,50,ふみん,するどいめ,いろめがね
ヨルノズク,通常,ノーマル,ひこう,100,50,50,86,96,70,ふみん,するどいめ,いろめがね
レディバ,通常,むし,ひこう,40,20,30,40,80,55,むしのしらせ,はやおき,びびり
レディアン,通常,むし,ひこう,55,35,50,55,110,85,むしのしらせ,はやおき,てつのこぶし
イトマル,通常,むし,どく,40,60,40,40,40,30,むしのしらせ,ふみん,スナイパー
アリアドス,通常,むし,どく,70,90,70,60,70,40,むしのしらせ,ふみん,スナイパー
クロバット,通常,どく,ひこう,85,90,80,70,80,130,せいしんりょく,,すりぬけ
チョンチー,通常,みず,でんき,75,38,38,56,56,67,ちくでん,はっこう,ちょすい
ランターン,通常,みず,でんき,125,58,58,76,76,67,ちくでん,はっこう,ちょすい
ピチュー,通常,でんき,,20,40,15,35,35,60,せいでんき,,ひらいしん
ピィ,通常,フェアリー,,50,25,28,45,55,15,メロメロボディ,マジックガード,フレンドガード
ププリン,通常,ノーマル,フェアリー,90,30,15,40,20,15,メロメロボディ,かちき,フレンドガード
トゲピー,通常,フェアリー,,35,20,65,40,65,20,はりきり,てんのめぐみ,きょううん
トゲチック,通常,フェアリー,ひこう,55,40,85,80,105,40,はりきり,てんのめぐみ,きょううん
ネイティ,通常,エスパー,ひこう,40,50,45,70,45,70,シンクロ,はやおき,マジックミラー
ネイティオ,通常,エスパー,ひこう,65,75,70,95,70,95,シンクロ,はやおき,マジックミラー
メリープ,通常,でんき,,55,40,40,65,45,35,せいでんき,,プラス
モココ,通常,でんき,,70,55,55,80,60,45,せいでんき,,プラス
デンリュウ,通常,でんき,,90,75,85,115,90,55,せいでんき,,プラス
デンリュウ,メガデンリュウ,でんき,ドラゴン,90,95,105,165,110,45,かたやぶり,,
キレイハナ,通常,くさ,,75,80,95,90,100,50,ようりょくそ,,いやしのこころ
マリル,通常,みず,フェアリー,70,20,50,20,50,40,あついしぼう,ちからもち,そうしょく
マリルリ,通常,みず,フェアリー,100,50,80,60,80,50,あついしぼう,ちからもち,そうしょく
ウソッキー,通常,いわ,,70,100,115,30,65,30,がんじょう,いしあたま,びびり
ニョロトノ,通常,みず,,90,75,75,90,100,70,ちょすい,しめりけ,あめふらし
ハネッコ,通常,くさ,ひこう,35,35,40,35,55,50,ようりょくそ,リーフガード,すりぬけ
ポポッコ,通常,くさ,ひこう,55,45,50,45,65,80,ようりょくそ,リーフガード,すりぬけ
ワタッコ,通常,くさ,ひこう,75,55,70,55,95,110,ようりょくそ,リーフガード,すりぬけ
エイパム,通常,ノーマル,,55,70,55,40,55,85,にげあし,ものひろい,スキルリンク
ヒマナッツ,通常,くさ,,30,30,30,30,30,30,ようりょくそ,サンパワー,はやおき
キマワリ,通常,くさ,,75,75,55,105,85,30,ようりょくそ,サンパワー,はやおき
ヤンヤンマ,通常,むし,ひこう,65,65,45,75,45,95,かそく,ふくがん,おみとおし
ウパー,通常,みず,じめん,55,45,45,25,25,15,しめりけ,ちょすい,てんねん
ウパー,パルデアのすがた,どく,じめん,55,45,45,25,25,15,どくのトゲ,ちょすい,てんねん
ヌオー,通常,みず,じめん,95,85,85,65,65,35,しめりけ,ちょすい,てんねん
エーフィ,通常,エスパー,,65,65,60,130,95,110,シンクロ,,マジックミラー
ブラッキー,通常,あく,,95,65,110,60,130,65,シンクロ,,せいしんりょく
ヤミカラス,通常,あく,ひこう,60,85,42,85,42,91,ふみん,きょううん,いたずらごころ
ヤドキング,通常,みず,エスパー,95,75,80,100,110,30,どんかん,マイペース,さいせいりょく
ヤドキング,ガラルのすがた,どく,エスパー,95,65,80,110,110,30,きみょうなくすり,マイペース,さいせいりょく
ムウマ,通常,ゴースト,,60,60,60,85,85,85,ふゆう,,
アンノーン,通常,エスパー,,48,72,48,72,48,48,ふゆう,,
ソーナンス,通常,エスパー,,190,33,58,33,58,33,かげふみ,,テレパシー
キリンリキ,通常,ノーマル,エスパー,70,80,65,90,65,85,せいしんりょく,はやおき,そうしょく
クヌギダマ,通常,むし,,50,65,90,35,35,15,がんじょう,,ぼうじん
フォレトス,通常,むし,はがね,75,90,140,60,60,40,がんじょう,,ぼうじん
ノコッチ,通常,ノーマル,,100,70,70,65,65,45,てんのめぐみ,にげあし,びびり
グライガー,通常,じめん,ひこう,65,75,105,35,65,85,かいりきバサミ,すながくれ,めんえき
ハガネール,通常,はがね,じめん,75,85,200,55,65,30,いしあたま,がんじょう,ちからずく
ハガネール,メガハガネール,はがね,じめん,75,125,230,55,95,30,すなのちから,,
ブルー,通常,フェアリー,,60,80,50,40,40,30,いかく,にげあし,びびり
グランブル,通常,フェアリー,,90,120,75,60,60,45,いかく,はやあし,びびり
ハリーセン,通常,みず,どく,65,95,85,55,55,85,どくのトゲ,すいすい,いかく
ハリーセン,ヒスイのすがた,あく,どく,65,95,85,55,55,85,どくのトゲ,すいすい,いかく
ハッサム,通常,むし,はがね,70,130,100,55,80,65,むしのしらせ,テクニシャン,ライトメタル
ハッサム,メガハッサム,むし,はがね,70,150,140,65,100,75,テクニシャン,,
ツボツボ,通常,むし,いわ,20,10,230,10,230,5,がんじょう,くいしんぼう,あまのじゃく
ヘラクロス,通常,むし,かくとう,80,125,75,40,95,85,むしのしらせ,こんじょう,じしんかじょう
ヘラクロス,メガヘラクロス,むし,かくとう,80,185,115,40,105,75,スキルリンク,,
ニューラ,通常,あく,こおり,55,95,55,35,75,115,せいしんりょく,するどいめ,わるいてぐせ
ニューラ,ヒスイのすがた,かくとう,どく,55,95,55,35,75,115,せいしんりょく,するどいめ,わるいてぐせ
ヒメグマ,通常,ノーマル,,60,80,50,50,50,40,ものひろい,はやあし,みつあつめ
リングマ,通常,ノーマル,,90,130,75,75,75,55,こんじょう,はやあし,きんちょうかん
マグマッグ,通常,ほのお,,40,40,40,70,40,20,マグマのよろい,ほのおのからだ,くだけるよろい
マグカルゴ,通常,ほのお,いわ,60,50,120,90,80,30,マグマのよろい,ほのおのからだ,くだけるよろい
ウリムー,通常,こおり,じめん,50,50,40,30,30,50,どんかん,ゆきがくれ,あついしぼう
イノムー,通常,こおり,じめん,100,100,80,60,60,50,どんかん,ゆきがくれ,あついしぼう
サニーゴ,通常,みず,いわ,65,55,95,65,95,35,はりきり,しぜんかいふく,さいせいりょく
サニーゴ,ガラルのすがた,ゴースト,,60,55,100,65,100,30,くだけるよろい,,のろわれボディ
テッポウオ,通常,みず,,35,65,35,65,35,65,はりきり,スナイパー,ムラっけ
オクタン,通常,みず,,75,105,75,105,75,45,きゅうばん,スナイパー,ムラっけ
デリバード,通常,こおり,ひこう,45,55,45,65,45,75,やるき,はりきり,ふみん
マンタイン,通常,みず,ひこう,85,40,70,80,140,70,すいすい,ちょすい,みずのベール
エアームド,通常,はがね,ひこう,65,80,140,40,70,70,するどいめ,がんじょう,くだけるよろい
デルビル,通常,あく,ほのお,45,60,30,80,50,65,はやおき,もらいび,きんちょうかん
ヘルガー,通常,あく,ほのお,75,90,50,110,80,95,はやおき,もらいび,きんちょうかん
ヘルガー,メガヘルガー,あく,ほのお,75,90,90,140,90,115,サンパワー,,
キングドラ,通常,みず,ドラゴン,75,95,95,95,95,85,すいすい,スナイパー,しめりけ
ゴマゾウ,通常,じめん,,90,60,60,40,40,40,ものひろい,,すながくれ
ドンファン,通常,じめん,,90,120,120,60,60,50,がんじょう,,すながくれ
ポリゴン２,通常,ノーマル,,85,80,90,105,95,60,トレース,ダウンロード,アナライズ
オドシシ,通常,ノーマル,,73,95,62,85,65,85,いかく,おみとおし,そうしょく
ドーブル,通常,ノーマル,,55,20,35,20,45,75,マイペース,テクニシャン,ムラっけ
バルキー,通常,かくとう,,35,35,35,35,35,35,こんじょう,ふくつのこころ,やるき
カポエラー,通常,かくとう,,50,95,95,35,110,70,いかく,テクニシャン,ふくつのこころ
ムチュール,通常,こおり,エスパー,45,30,15,85,65,65,どんかん,よちむ,うるおいボディ
エレキッド,通常,でんき,,45,63,37,65,55,95,せいでんき,,やるき
ブビィ,通常,ほのお,,45,75,37,70,55,83,ほのおのからだ,,やるき
ミルタンク,通常,ノーマル,,95,80,105,40,70,100,あついしぼう,きもったま,そうしょく
ハピナス,通常,ノーマル,,255,10,10,75,135,55,しぜんかいふく,てんのめぐみ,いやしのこころ
ライコウ,通常,でんき,,90,85,75,115,100,115,プレッシャー,,せいしんりょく
エンテイ,通常,ほのお,,115,115,85,90,75,100,プレッシャー,,せいしんりょく
スイクン,通常,みず,,100,75,115,90,115,85,プレッシャー,,せいしんりょく
ヨーギラス,通常,いわ,じめん,50,64,50,45,50,41,こんじょう,,すながくれ
サナギラス,通常,いわ,じめん,70,84,70,65,70,51,だっぴ,,
バンギラス,通常,いわ,あく,100,134,110,95,100,61,すなおこし,,きんちょうかん
バンギラス,メガバンギラス,いわ,あく,100,164,150,95,120,71,すなおこし,,
ルギア,通常,エスパー,ひこう,106,90,130,90,154,110,プレッシャー,,マルチスケイル
ホウオウ,通常,ほのお,ひこう,106,130,90,110,154,90,プレッシャー,,さいせいりょく
セレビィ,通常,エスパー,くさ,100,100,100,100,100,100,しぜんかいふく,,
キモリ,通常,くさ,,40,45,35,65,55,70,しんりょく,,かるわざ
ジュプトル,通常,くさ,,50,65,45,85,65,95,しんりょく,,かるわざ
ジュカイン,通常,くさ,,70,85,65,105,85,120,しんりょく,,かるわざ
ジュカイン,メガジュカイン,くさ,ドラゴン,70,110,75,145,85,145,ひらいしん,,
アチャモ,通常,ほのお,,45,60,40,70,50,45,もうか,,かそく
ワカシャモ,通常,ほのお,かくとう,60,85,60,85,60,55,もうか,,かそく
バシャーモ,通常,ほのお,かくとう,80,120,70,110,70,80,もうか,,かそく
バシャーモ,メガバシャーモ,ほのお,かくとう,80,160,80,130,80,100,かそく,,
ミズゴロウ,通常,みず,,50,70,50,50,50,40,げきりゅう,,しめりけ
ヌマクロー,通常,みず,じめん,70,85,70,60,70,50,げきりゅう,,しめりけ
ラグラージ,通常,みず,じめん,100,110,90,85,90,60,げきりゅう,,しめりけ
ラグラージ,メガラグラージ,みず,じめん,100,150,110,95,110,70,すいすい,,
ポチエナ,通常,あく,,35,55,35,30,30,35,にげあし,はやあし,びびり
グラエナ,通常,あく,,70,90,70,60,60,70,いかく,はやあし,じしんかじょう
ジグザグマ,通常,ノーマル,,38,30,41,30,41,60,ものひろい,くいしんぼう,はやあし
ジグザグマ,ガラルのすがた,あく,ノーマル,38,30,41,30,41,60,ものひろい,くいしんぼう,はやあし
マッスグマ,通常,ノーマル,,78,70,61,50,61,100,ものひろい,くいしんぼう,はやあし
マッスグマ,ガラルのすがた,あく,ノーマル,78,70,61,50,61,100,ものひろい,くいしんぼう,はやあし
ケムッソ,通常,むし,,45,45,35,20,30,20,りんぷん,,にげあし
カラサリス,通常,むし,,50,35,55,25,25,15,だっぴ,,
アゲハント,通常,むし,ひこう,60,70,50,100,50,65,むしのしらせ,,とうそうしん
マユルド,通常,むし,,50,35,55,25,25,15,だっぴ,,
ドクケイル,通常,むし,どく,60,50,70,50,90,65,りんぷん,,ふくがん
ハスボー,通常,みず,くさ,40,30,30,40,50,30,すいすい,あめうけざら,マイペース
ハスブレロ,通常,みず,くさ,60,50,50,60,70,50,すいすい,あめうけざら,マイペース
ルンパッパ,通常,みず,くさ,80,70,70,90,100,70,すいすい,あめうけざら,マイペース
タネボー,通常,くさ,,40,40,50,30,30,30,ようりょくそ,はやおき,わるいてぐせ
コノハナ,通常,くさ,あく,70,70,40,60,40,60,ようりょくそ,はやおき,わるいてぐせ
ダーテング,通常,くさ,あく,90,100,60,90,60,80,ようりょくそ,かぜのり,わるいてぐせ
スバメ,通常,ノーマル,ひこう,40,55,30,30,30,85,こんじょう,,きもったま
オオスバメ,通常,ノーマル,ひこう,60,85,60,75,50,125,こんじょう,,きもったま
キャモメ,通常,みず,ひこう,40,30,30,55,30,85,するどいめ,うるおいボディ,あめうけざら
ペリッパー,通常,みず,ひこう,60,50,100,95,70,65,するどいめ,あめふらし,あめうけざら
ラルトス,通常,エスパー,フェアリー,28,25,25,45,35,40,シンクロ,トレース,テレパシー
キルリア,通常,エスパー,フェアリー,38,35,35,65,55,50,シンクロ,トレース,テレパシー
サーナイト,通常,エスパー,フェアリー,68,65,65,125,115,80,シンクロ,トレース,テレパシー
サーナイト,メガサーナイト,エスパー,フェアリー,68,85,65,165,135,100,フェアリースキン,,
アメタマ,通常,むし,みず,40,30,32,50,52,65,すいすい,,あめうけざら
アメモース,通常,むし,ひこう,70,60,62,100,82,80,いかく,,きんちょうかん
キノココ,通常,くさ,,60,40,60,40,60,35,ほうし,ポイズンヒール,はやあし
キノガッサ,通常,くさ,かくとう,60,130,80,60,60,70,ほうし,ポイズンヒール,テクニシャン
ナマケロ,通常,ノーマル,,60,60,60,35,35,30,なまけ,,
ヤルキモノ,通常,ノーマル,,80,80,80,55,55,90,やるき,,
ケッキング,通常,ノーマル,,150,160,100,95,65,100,なまけ,,
ツチニン,通常,むし,じめん,31,45,90,30,30,40,ふくがん,,にげあし
テッカニン,通常,むし,ひこう,61,90,45,50,50,160,かそく,,すりぬけ
ヌケニン,通常,むし,ゴースト,1,90,45,30,30,40,ふしぎなまもり,,
ゴニョニョ,通常,ノーマル,,64,51,23,51,23,28,ぼうおん,,びびり
ドゴーム,通常,ノーマル,,84,71,43,71,43,48,ぼうおん,,きもったま
バクオング,通常,ノーマル,,104,91,63,91,73,68,ぼうおん,,きもったま
マクノシタ,通常,かくとう,,72,60,30,20,30,25,あついしぼう,こんじょう,ちからずく
ハリテヤマ,通常,かくとう,,144,120,60,40,60,50,あついしぼう,こんじょう,ちからずく
ルリリ,通常,ノーマル,フェアリー,50,20,40,20,40,20,あついしぼう,ちからもち,そうしょく
ノズパス,通常,いわ,,30,45,135,45,90,30,がんじょう,じりょく,すなのちから
エネコ,通常,ノーマル,,50,45,45,35,35,50,メロメロボディ,ノーマルスキン,ミラクルスキン
エネコロロ,通常,ノーマル,,70,65,65,55,55,90,メロメロボディ,ノーマルスキン,ミラクルスキン
ヤミラミ,通常,あく,ゴースト,50,75,75,65,65,50,するどいめ,あとだし,いたずらごころ
ヤミラミ,メガヤミラミ,あく,ゴースト,50,85,125,85,115,20,マジックミラー,,
クチート,通常,はがね,フェアリー,50,85,85,55,55,50,かいりきバサミ,いかく,ちからずく
クチート,メガクチート,はがね,フェアリー,50,105,125,55,95,50,ちからもち,,
ココドラ,通常,はがね,いわ,50,70,100,40,40,30,がんじょう,いしあたま,ヘヴィメタル
コドラ,通常,はがね,いわ,60,90,140,50,50,40,がんじょう,いしあたま,ヘヴィメタル
ボスゴドラ,通常,はがね,いわ,70,110,180,60,60,50,がんじょう,いしあたま,ヘヴィメタル
ボスゴドラ,メガボスゴドラ,はがね,,70,140,230,60,80,50,フィルター,,
アサナン,通常,かくとう,エスパー,30,40,55,40,55,60,ヨガパワー,,テレパシー
チャーレム,通常,かくとう,エスパー,60,60,75,60,75,80,ヨガパワー,,テレパシー
チャーレム,メガチャーレム,かくとう,エスパー,60,100,85,80,85,100,ヨガパワー,,
ラクライ,通常,でんき,,40,45,40,65,40,65,せいでんき,ひらいしん,マイナス
ライボルト,通常,でんき,,70,75,60,105,60,105,せいでんき,ひらいしん,マイナス
ライボルト,メガライボルト,でんき,,70,75,80,135,80,135,いかく,,
プラスル,通常,でんき,,60,50,40,85,75,95,プラス,,ひらいしん
マイナン,通常,でんき,,60,40,50,75,85,95,マイナス,,ちくでん
バルビート,通常,むし,,65,73,75,47,85,85,はっこう,むしのしらせ,いたずらごころ
イルミーゼ,通常,むし,,65,47,75,73,85,85,どんかん,いろめがね,いたずらごころ
ロゼリア,通常,くさ,どく,50,60,45,100,80,65,しぜんかいふく,どくのトゲ,リーフガード
ゴクリン,通常,どく,,70,43,53,43,53,40,ヘドロえき,ねんちゃく,くいしんぼう
マルノーム,通常,どく,,100,73,83,73,83,55,ヘドロえき,ねんちゃく,くいしんぼう
キバニア,通常,みず,あく,45,90,20,65,20,65,さめはだ,,かそく
サメハダー,通常,みず,あく,70,120,40,95,40,95,さめはだ,,かそく
サメハダー,メガサメハダー,みず,あく,70,140,70,110,65,105,がんじょうあご,,
ホエルコ,通常,みず,,130,70,35,70,35,60,みずのベール,どんかん,プレッシャー
ホエルオー,通常,みず,,170,90,45,90,45,60,みずのベール,どんかん,プレッシャー
ドンメル,通常,ほのお,じめん,60,60,40,65,45,35,どんかん,たんじゅん,マイペース
バクーダ,通常,ほのお,じめん,70,100,70,105,75,40,マグマのよろい,ハードロック,いかりのつぼ
バクーダ,メガバクーダ,ほのお,じめん,70,120,100,145,105,20,ちからずく,,
コータス,通常,ほのお,,70,85,140,85,70,20,しろいけむり,ひでり,シェルアーマー
バネブー,通常,エスパー,,60,25,35,70,80,60,あついしぼう,マイペース,くいしんぼう
ブーピッグ,通常,エスパー,,80,45,65,90,110,80,あついしぼう,マイペース,くいしんぼう
パッチール,通常,ノーマル,,60,60,60,60,60,60,マイペース,ちどりあし,あまのじゃく
ナックラー,通常,じめん,,45,100,45,45,45,10,かいりきバサミ,ありじごく,ちからずく
ビブラーバ,通常,じめん,ドラゴン,50,70,50,50,50,70,ふゆう,,
フライゴン,通常,じめん,ドラゴン,80,100,80,80,80,100,ふゆう,,
サボネア,通常,くさ,,50,85,40,85,40,35,すながくれ,,ちょすい
ノクタス,通常,くさ,あく,70,115,60,115,60,55,すながくれ,,ちょすい
チルット,通常,ノーマル,ひこう,45,40,60,40,75,50,しぜんかいふく,,ノーてんき
チルタリス,通常,ドラゴン,ひこう,75,70,90,70,105,80,しぜんかいふく,,ノーてんき
チルタリス,メガチルタリス,ドラゴン,フェアリー,75,110,110,110,105,80,フェアリースキン,,
ザングース,通常,ノーマル,,73,115,60,60,60,90,めんえき,,どくぼうそう
ハブネーク,通常,どく,,73,100,60,100,60,65,だっぴ,,すりぬけ
ルナトーン,通常,いわ,エスパー,90,55,65,95,85,70,ふゆう,,
ソルロック,通常,いわ,エスパー,90,95,85,55,65,70,ふゆう,,
ドジョッチ,通常,みず,じめん,50,48,43,46,41,60,どんかん,きけんよち,うるおいボディ
ナマズン,通常,みず,じめん,110,78,73,76,71,60,どんかん,きけんよち,うるおいボディ
ヘイガニ,通常,みず,,43,80,65,50,35,35,かいりきバサミ,シェルアーマー,てきおうりょく
シザリガー,通常,みず,あく,63,120,85,90,55,55,かいりきバサミ,シェルアーマー,てきおうりょく
ヤジロン,通常,じめん,エスパー,40,40,55,40,70,55,ふゆう,,
ネンドール,通常,じめん,エスパー,60,70,105,70,120,75,ふゆう,,
リリーラ,通常,いわ,くさ,66,41,77,61,87,23,きゅうばん,,よびみず
ユレイドル,通常,いわ,くさ,86,81,97,81,107,43,きゅうばん,,よびみず
アノプス,通常,いわ,むし,45,95,50,40,50,75,カブトアーマー,,すいすい
アーマルド,通常,いわ,むし,75,125,100,70,80,45,カブトアーマー,,すいすい
ヒンバス,通常,みず,,20,15,20,10,55,80,すいすい,どんかん,てきおうりょく
ミロカロス,通常,みず,,95,60,79,100,125,81,ふしぎなうろこ,かちき,メロメロボディ
ポワルン,ポワルンのすがた,ノーマル,,70,70,70,70,70,70,てんきや,,
ポワルン,たいようのすがた,ほのお,,70,70,70,70,70,70,てんきや,,
ポワルン,あまみずのすがた,みず,,70,70,70,70,70,70,てんきや,,
ポワルン,ゆきぐものすがた,こおり,,70,70,70,70,70,70,てんきや,,
カクレオン,通常,ノーマル,,60,90,70,60,120,40,へんしょく,,へんげんじざい
カゲボウズ,通常,ゴースト,,44,75,35,63,33,45,ふみん,おみとおし,のろわれボディ
ジュペッタ,通常,ゴースト,,64,115,65,83,63,65,ふみん,おみとおし,のろわれボディ
ジュペッタ,メガジュペッタ,ゴースト,,64,165,75,93,83,75,いたずらごころ,,
ヨマワル,通常,ゴースト,,20,40,90,30,90,25,ふゆう,,おみとおし
サマヨール,通常,ゴースト,,40,70,130,60,130,25,プレッシャー,,おみとおし
トロピウス,通常,くさ,ひこう,99,68,83,72,87,51,ようりょくそ,サンパワー,しゅうかく
チリーン,通常,エスパー,,75,50,80,95,90,65,ふゆう,,
アブソル,通常,あく,,65,130,60,75,60,75,プレッシャー,きょううん,せいぎのこころ
アブソル,メガアブソル,あく,,65,150,60,115,60,115,マジックミラー,,
ソーナノ,通常,エスパー,,95,23,48,23,48,23,かげふみ,,テレパシー
ユキワラシ,通常,こおり,,50,50,50,50,50,50,せいしんりょく,アイスボディ,ムラっけ
オニゴーリ,通常,こおり,,80,80,80,80,80,80,せいしんりょく,アイスボディ,ムラっけ
オニゴーリ,メガオニゴーリ,こおり,,80,120,80,120,80,100,フリーズスキン,,
タマザラシ,通常,こおり,みず,70,40,50,55,50,25,あついしぼう,アイスボディ,どんかん
トドグラー,通常,こおり,みず,90,60,70,75,70,45,あついしぼう,アイスボディ,どんかん
トドゼルガ,通常,こおり,みず,110,80,90,95,90,65,あついしぼう,アイスボディ,どんかん
パールル,通常,みず,,35,64,85,74,55,32,シェルアーマー,,びびり
ハンテール,通常,みず,,55,104,105,94,75,52,すいすい,,みずのベール
サクラビス,通常,みず,,55,84,105,114,75,52,すいすい,,うるおいボディ
ジーランス,通常,みず,いわ,100,90,130,45,65,55,すいすい,いしあたま,がんじょう
ラブカス,通常,みず,,43,30,55,40,65,97,すいすい,,うるおいボディ
タツベイ,通常,ドラゴン,,45,75,60,40,30,50,いしあたま,,ちからずく
コモルー,通常,ドラゴン,,65,95,100,60,50,50,いしあたま,,ぼうじん
ボーマンダ,通常,ドラゴン,ひこう,95,135,80,110,80,100,いかく,,じしんかじょう
ボーマンダ,メガボーマンダ,ドラゴン,ひこう,95,145,130,120,90,120,スカイスキン,,
ダンバル,通常,はがね,エスパー,40,55,80,35,60,30,クリアボディ,,ライトメタル
メタング,通常,はがね,エスパー,60,75,100,55,80,50,クリアボディ,,ライトメタル
メタグロス,通常,はがね,エスパー,80,135,130,95,90,70,クリアボディ,,ライトメタル
メタグロス,メガメタグロス,はがね,エスパー,80,145,150,105,110,110,かたいツメ,,
レジロック,通常,いわ,,80,100,200,50,100,50,クリアボディ,,がんじょう
レジアイス,通常,こおり,,80,50,100,100,200,50,クリアボディ,,アイスボディ
レジスチル,通常,はがね,,80,75,150,75,150,50,クリアボディ,,ライトメタル
ラティアス,通常,ドラゴン,エスパー,80,80,90,110,130,110,ふゆう,,
ラティアス,メガラティアス,ドラゴン,エスパー,80,100,120,140,150,110,ふゆう,,
ラティオス,通常,ドラゴン,エスパー,80,90,80,130,110,110,ふゆう,,
ラティオス,メガラティオス,ドラゴン,エスパー,80,130,100,160,120,110,ふゆう,,
カイオーガ,カイオーガのすがた,みず,,100,100,90,150,140,90,あめふらし,,
カイオーガ,ゲンシカイキのすがた,みず,,100,150,90,180,160,90,はじまりのうみ,,
グラードン,グラードンのすがた,じめん,,100,150,140,100,90,90,ひでり,,
グラードン,ゲンシカイキのすがた,じめん,ほのお,100,180,160,150,90,90,おわりのだいち,,
レックウザ,通常,ドラゴン,ひこう,105,150,90,150,90,95,エアロック,,
レックウザ,メガレックウザ,ドラゴン,ひこう,105,180,100,180,100,115,デルタストリーム,,
ジラーチ,通常,はがね,エスパー,100,100,100,100,100,100,てんのめぐみ,,
デオキシス,ノーマルフォルム,エスパー,,50,150,50,150,50,150,プレッシャー,,
デオキシス,アタックフォルム,エスパー,,50,180,20,180,20,150,プレッシャー,,
デオキシス,ディフェンスフォルム,エスパー,,50,70,160,70,160,90,プレッシャー,,
デオキシス,スピードフォルム,エスパー,,50,95,90,95,90,180,プレッシャー,,
ナエトル,通常,くさ,,55,68,64,45,55,31,しんりょく,,シェルアーマー
ハヤシガメ,通常,くさ,,75,89,85,55,65,36,しんりょく,,シェルアーマー
ドダイトス,通常,くさ,じめん,95,109,105,75,85,56,しんりょく,,シェルアーマー
ヒコザル,通常,ほのお,,44,58,44,58,44,61,もうか,,てつのこぶし
モウカザル,通常,ほのお,かくとう,64,78,52,78,52,81,もうか,,てつのこぶし
ゴウカザル,通常,ほのお,かくとう,76,104,71,104,71,108,もうか,,てつのこぶし
ポッチャマ,通常,みず,,53,51,53,61,56,40,げきりゅう,,かちき
ポッタイシ,通常,みず,,64,66,68,81,76,50,げきりゅう,,かちき
エンペルト,通常,みず,はがね,84,86,88,111,101,60,げきりゅう,,かちき
ムックル,通常,ノーマル,ひこう,40,55,30,30,30,60,するどいめ,,すてみ
ムクバード,通常,ノーマル,ひこう,55,75,50,40,40,80,いかく,,すてみ
ムクホーク,通常,ノーマル,ひこう,85,120,70,50,60,100,いかく,,すてみ
ビッパ,通常,ノーマル,,59,45,40,35,40,31,たんじゅん,てんねん,ムラっけ
ビーダル,通常,ノーマル,みず,79,85,60,55,60,71,たんじゅん,てんねん,ムラっけ
コロボーシ,通常,むし,,37,25,41,25,41,25,だっぴ,,にげあし
コロトック,通常,むし,,77,85,51,55,51,65,むしのしらせ,,テクニシャン
コリンク,通常,でんき,,45,65,34,40,34,45,とうそうしん,いかく,こんじょう
ルクシオ,通常,でんき,,60,85,49,60,49,60,とうそうしん,いかく,こんじょう
レントラー,通常,でんき,,80,120,79,95,79,70,とうそうしん,いかく,こんじょう
スボミー,通常,くさ,どく,40,30,35,50,70,55,しぜんかいふく,どくのトゲ,リーフガード
ロズレイド,通常,くさ,どく,60,70,65,125,105,90,しぜんかいふく,どくのトゲ,テクニシャン
ズガイドス,通常,いわ,,67,125,40,30,30,58,かたやぶり,,ちからずく
ラムパルド,通常,いわ,,97,165,60,65,50,58,かたやぶり,,ちからずく
タテトプス,通常,いわ,はがね,30,42,118,42,88,30,がんじょう,,ぼうおん
トリデプス,通常,いわ,はがね,60,52,168,47,138,30,がんじょう,,ぼうおん
ミノムッチ,通常,むし,,40,29,45,29,45,36,だっぴ,,ぼうじん
ミノマダム,くさきのミノ,むし,くさ,60,59,85,79,105,36,きけんよち,,ぼうじん
ミノマダム,すなちのミノ,むし,じめん,60,79,105,59,85,36,きけんよち,,ぼうじん
ミノマダム,ゴミのミノ,むし,はがね,60,69,95,69,95,36,きけんよち,,ぼうじん
ガーメイル,通常,むし,ひこう,70,94,50,94,50,66,むしのしらせ,,いろめがね
ミツハニー,通常,むし,ひこう,30,30,42,30,42,70,みつあつめ,,はりきり
ビークイン,通常,むし,ひこう,70,80,102,80,102,40,プレッシャー,,きんちょうかん
パチリス,通常,でんき,,60,45,70,45,90,95,にげあし,ものひろい,ちくでん
ブイゼル,通常,みず,,55,65,35,60,30,85,すいすい,,みずのベール
フローゼル,通常,みず,,85,105,55,85,50,115,すいすい,,みずのベール
チェリンボ,通常,くさ,,45,35,45,62,53,35,ようりょくそ,,
チェリム,通常,くさ,,70,60,70,87,78,85,フラワーギフト,,
カラナクシ,通常,みず,,76,48,48,57,62,34,ねんちゃく,よびみず,すなのちから
トリトドン,通常,みず,じめん,111,83,68,92,82,39,ねんちゃく,よびみず,すなのちから
エテボース,通常,ノーマル,,75,100,66,60,66,115,テクニシャン,ものひろい,スキルリンク
フワンテ,通常,ゴースト,ひこう,90,50,34,60,44,70,ゆうばく,かるわざ,ねつぼうそう
フワライド,通常,ゴースト,ひこう,150,80,44,90,54,80,ゆうばく,かるわざ,ねつぼうそう
ミミロル,通常,ノーマル,,55,66,44,44,56,85,にげあし,ぶきよう,じゅうなん
ミミロップ,通常,ノーマル,,65,76,84,54,96,105,メロメロボディ,ぶきよう,じゅうなん
ミミロップ,メガミミロップ,ノーマル,かくとう,65,136,94,54,96,135,きもったま,,
ムウマージ,通常,ゴースト,,60,60,60,105,105,105,ふゆう,,
ドンカラス,通常,あく,ひこう,100,125,52,105,52,71,ふみん,きょううん,じしんかじょう
ニャルマー,通常,ノーマル,,49,55,42,42,37,85,じゅうなん,マイペース,するどいめ
ブニャット,通常,ノーマル,,71,82,64,64,59,112,あついしぼう,マイペース,まけんき
リーシャン,通常,エスパー,,45,30,50,65,50,45,ふゆう,,
スカンプー,通常,どく,あく,63,63,47,41,41,74,あくしゅう,ゆうばく,するどいめ
スカタンク,通常,どく,あく,103,93,67,71,61,84,あくしゅう,ゆうばく,するどいめ
ドーミラー,通常,はがね,エスパー,57,24,86,24,86,23,ふゆう,たいねつ,ヘヴィメタル
ドータクン,通常,はがね,エスパー,67,89,116,79,116,33,ふゆう,たいねつ,ヘヴィメタル
ウソハチ,通常,いわ,,50,80,95,10,45,10,がんじょう,いしあたま,びびり
マネネ,通常,エスパー,フェアリー,20,25,45,70,90,60,ぼうおん,フィルター,テクニシャン
ピンプク,通常,ノーマル,,100,5,5,15,65,30,しぜんかいふく,てんのめぐみ,フレンドガード
ペラップ,通常,ノーマル,ひこう,76,65,45,92,42,91,するどいめ,ちどりあし,はとむね
ミカルゲ,通常,ゴースト,あく,50,92,108,92,108,35,プレッシャー,,すりぬけ
フカマル,通常,ドラゴン,じめん,58,70,45,40,45,42,すながくれ,,さめはだ
ガバイト,通常,ドラゴン,じめん,68,90,65,50,55,82,すながくれ,,さめはだ
ガブリアス,通常,ドラゴン,じめん,108,130,95,80,85,102,すながくれ,,さめはだ
ガブリアス,メガガブリアス,ドラゴン,じめん,108,170,115,120,95,92,すなのちから,,
ゴンベ,通常,ノーマル,,135,85,40,40,85,5,ものひろい,あついしぼう,くいしんぼう
リオル,通常,かくとう,,40,70,40,35,40,60,ふくつのこころ,せいしんりょく,いたずらごころ
ルカリオ,通常,かくとう,はがね,70,110,70,115,70,90,ふくつのこころ,せいしんりょく,せいぎのこころ
ルカリオ,メガルカリオ,かくとう,はがね,70,145,88,140,70,112,てきおうりょく,,
ヒポポタス,通常,じめん,,68,72,78,38,42,32,すなおこし,,すなのちから
カバルドン,通常,じめん,,108,112,118,68,72,47,すなおこし,,すなのちから
スコルピ,通常,どく,むし,40,50,90,30,55,65,カブトアーマー,スナイパー,するどいめ
ドラピオン,通常,どく,あく,70,90,110,60,75,95,カブトアーマー,スナイパー,するどいめ
グレッグル,通常,どく,かくとう,48,61,40,61,40,50,きけんよち,かんそうはだ,どくしゅ
ドクロッグ,通常,どく,かくとう,83,106,65,86,65,85,きけんよち,かんそうはだ,どくしゅ
マスキッパ,通常,くさ,,74,100,72,90,72,46,ふゆう,,
ケイコウオ,通常,みず,,49,49,56,49,61,66,すいすい,よびみず,みずのベール
ネオラント,通常,みず,,69,69,76,69,86,91,すいすい,よびみず,みずのベール
タマンタ,通常,みず,ひこう,45,20,50,60,120,50,すいすい,ちょすい,みずのベール
ユキカブリ,通常,くさ,こおり,60,62,50,62,60,40,ゆきふらし,,ぼうおん
ユキノオー,通常,くさ,こおり,90,92,75,92,85,60,ゆきふらし,,ぼうおん
ユキノオー,メガユキノオー,くさ,こおり,90,132,105,132,105,30,ゆきふらし,,
マニューラ,通常,あく,こおり,70,120,65,45,85,125,プレッシャー,,わるいてぐせ
ジバコイル,通常,でんき,はがね,70,70,115,130,90,60,じりょく,がんじょう,アナライズ
ベロベルト,通常,ノーマル,,110,85,95,80,95,50,マイペース,どんかん,ノーてんき
ドサイドン,通常,じめん,いわ,115,140,130,55,55,40,ひらいしん,ハードロック,すてみ
モジャンボ,通常,くさ,,100,100,125,110,50,50,ようりょくそ,リーフガード,さいせいりょく
エレキブル,通常,でんき,,75,123,67,95,85,95,でんきエンジン,,やるき
ブーバーン,通常,ほのお,,75,95,67,125,95,83,ほのおのからだ,,やるき
トゲキッス,通常,フェアリー,ひこう,85,50,95,120,115,80,はりきり,てんのめぐみ,きょううん
メガヤンマ,通常,むし,ひこう,86,76,86,116,56,95,かそく,いろめがね,おみとおし
リーフィア,通常,くさ,,65,110,130,60,65,95,リーフガード,,ようりょくそ
グレイシア,通常,こおり,,65,60,110,130,95,65,ゆきがくれ,,アイスボディ
グライオン,通常,じめん,ひこう,75,95,125,45,75,95,かいりきバサミ,すながくれ,ポイズンヒール
マンムー,通常,こおり,じめん,110,130,80,70,60,80,どんかん,ゆきがくれ,あついしぼう
ポリゴンＺ,通常,ノーマル,,85,80,70,135,75,90,てきおうりょく,ダウンロード,アナライズ
エルレイド,通常,エスパー,かくとう,68,125,65,65,115,80,ふくつのこころ,きれあじ,せいぎのこころ
エルレイド,メガエルレイド,エスパー,かくとう,68,165,95,65,115,110,せいしんりょく,,
ダイノーズ,通常,いわ,はがね,60,55,145,75,150,40,がんじょう,じりょく,すなのちから
ヨノワール,通常,ゴースト,,45,100,135,65,135,45,プレッシャー,,おみとおし
ユキメノコ,通常,こおり,ゴースト,70,80,70,80,70,110,ゆきがくれ,,のろわれボディ
ロトム,ロトムのすがた,でんき,ゴースト,50,50,77,95,77,91,ふゆう,,
ロトム,ヒートロトム,でんき,ほのお,50,65,107,105,107,86,ふゆう,,
ロトム,ウォッシュロトム,でんき,みず,50,65,107,105,107,86,ふゆう,,
ロトム,フロストロトム,でんき,こおり,50,65,107,105,107,86,ふゆう,,
ロトム,スピンロトム,でんき,ひこう,50,65,107,105,107,86,ふゆう,,
ロトム,カットロトム,でんき,くさ,50,65,107,105,107,86,ふゆう,,
ユクシー,通常,エスパー,,75,75,130,75,130,95,ふゆう,,
エムリット,通常,エスパー,,80,105,105,105,105,80,ふゆう,,
アグノム,通常,エスパー,,75,125,70,125,70,115,ふゆう,,
ディアルガ,通常,はがね,ドラゴン,100,120,120,150,100,90,プレッシャー,,テレパシー
ディアルガ,オリジンフォルム,はがね,ドラゴン,100,100,120,150,120,90,プレッシャー,,テレパシー
パルキア,通常,みず,ドラゴン,90,120,100,150,120,100,プレッシャー,,テレパシー
パルキア,オリジンフォルム,みず,ドラゴン,90,100,100,150,120,120,プレッシャー,,テレパシー
ヒードラン,通常,ほのお,はがね,91,90,106,130,106,77,もらいび,,ほのおのからだ
レジギガス,通常,ノーマル,,110,160,110,80,110,100,スロースタート,,
ギラティナ,アナザーフォルム,ゴースト,ドラゴン,150,100,120,100,120,90,プレッシャー,,テレパシー
ギラティナ,オリジンフォルム,ゴースト,ドラゴン,150,120,100,120,100,90,ふゆう,,
クレセリア,通常,エスパー,,120,70,110,75,120,85,ふゆう,,
フィオネ,通常,みず,,80,80,80,80,80,80,うるおいボディ,,
マナフィ,通常,みず,,100,100,100,100,100,100,うるおいボディ,,
ダークライ,通常,あく,,70,90,90,135,90,125,ナイトメア,,
シェイミ,ランドフォルム,くさ,,100,100,100,100,100,100,しぜんかいふく,,
シェイミ,スカイフォルム,くさ,ひこう,100,103,75,120,75,127,てんのめぐみ,,
アルセウス,通常,ノーマル,,120,120,120,120,120,120,マルチタイプ,,
ビクティニ,通常,エスパー,ほのお,100,100,100,100,100,100,しょうりのほし,,
ツタージャ,通常,くさ,,45,45,55,45,55,63,しんりょく,,あまのじゃく
ジャノビー,通常,くさ,,60,60,75,60,75,83,しんりょく,,あまのじゃく
ジャローダ,通常,くさ,,75,75,95,75,95,113,しんりょく,,あまのじゃく
ポカブ,通常,ほのお,,65,63,45,45,45,45,もうか,,あついしぼう
チャオブー,通常,ほのお,かくとう,90,93,55,70,55,55,もうか,,あついしぼう
エンブオー,通常,ほのお,かくとう,110,123,65,100,65,65,もうか,,すてみ
ミジュマル,通常,みず,,55,55,45,63,45,45,げきりゅう,,シェルアーマー
フタチマル,通常,みず,,75,75,60,83,60,60,げきりゅう,,シェルアーマー
ダイケンキ,通常,みず,,95,100,85,108,70,70,げきりゅう,,シェルアーマー
ダイケンキ,ヒスイのすがた,みず,あく,90,108,80,100,65,85,げきりゅう,,きれあじ
ミネズミ,通常,ノーマル,,45,55,39,35,39,42,にげあし,するどいめ,アナライズ
ミルホッグ,通常,ノーマル,,60,85,69,60,69,77,はっこう,するどいめ,アナライズ
ヨーテリー,通常,ノーマル,,45,60,45,25,45,55,やるき,ものひろい,にげあし
ハーデリア,通常,ノーマル,,65,80,65,35,65,60,いかく,すなかき,きもったま
ムーランド,通常,ノーマル,,85,110,90,45,90,80,いかく,すなかき,きもったま
チョロネコ,通常,あく,,41,50,37,50,37,66,じゅうなん,かるわざ,いたずらごころ
レパルダス,通常,あく,,64,88,50,88,50,106,じゅうなん,かるわざ,いたずらごころ
ヤナップ,通常,くさ,,50,53,48,53,48,64,くいしんぼう,,しんりょく
ヤナッキー,通常,くさ,,75,98,63,98,63,101,くいしんぼう,,しんりょく
バオップ,通常,ほのお,,50,53,48,53,48,64,くいしんぼう,,もうか
バオッキー,通常,ほのお,,75,98,63,98,63,101,くいしんぼう,,もうか
ヒヤップ,通常,みず,,50,53,48,53,48,64,くいしんぼう,,げきりゅう
ヒヤッキー,通常,みず,,75,98,63,98,63,101,くいしんぼう,,げきりゅう
ムンナ,通常,エスパー,,76,25,45,67,55,24,よちむ,シンクロ,テレパシー
ムシャーナ,通常,エスパー,,116,55,85,107,95,29,よちむ,シンクロ,テレパシー
マメパト,通常,ノーマル,ひこう,50,55,50,36,30,43,はとむね,きょううん,とうそうしん
ハトーボー,通常,ノーマル,ひこう,62,77,62,50,42,65,はとむね,きょううん,とうそうしん
ケンホロウ,通常,ノーマル,ひこう,80,115,80,65,55,93,はとむね,きょううん,とうそうしん
シママ,通常,でんき,,45,60,32,50,32,76,ひらいしん,でんきエンジン,そうしょく
ゼブライカ,通常,でんき,,75,100,63,80,63,116,ひらいしん,でんきエンジン,そうしょく
ダンゴロ,通常,いわ,,55,75,85,25,25,15,がんじょう,くだけるよろい,すなのちから
ガントル,通常,いわ,,70,105,105,50,40,20,がんじょう,くだけるよろい,すなのちから
ギガイアス,通常,いわ,,85,135,130,60,80,25,がんじょう,すなおこし,すなのちから
コロモリ,通常,エスパー,ひこう,65,45,43,55,43,72,てんねん,ぶきよう,たんじゅん
ココロモリ,通常,エスパー,ひこう,67,57,55,77,55,114,てんねん,ぶきよう,たんじゅん
モグリュー,通常,じめん,,60,85,40,30,45,68,すなかき,すなのちから,かたやぶり
ドリュウズ,通常,じめん,はがね,110,135,60,50,65,88,すなかき,すなのちから,かたやぶり
タブンネ,通常,ノーマル,,103,60,86,60,86,50,いやしのこころ,さいせいりょく,ぶきよう
タブンネ,メガタブンネ,ノーマル,フェアリー,103,60,126,80,126,50,いやしのこころ,,
ドッコラー,通常,かくとう,,75,80,55,25,35,35,こんじょう,ちからずく,てつのこぶし
ドテッコツ,通常,かくとう,,85,105,85,40,50,40,こんじょう,ちからずく,てつのこぶし
ローブシン,通常,かくとう,,105,140,95,55,65,45,こんじょう,ちからずく,てつのこぶし
オタマロ,通常,みず,,50,50,40,50,40,64,すいすい,うるおいボディ,ちょすい
ガマガル,通常,みず,じめん,75,65,55,65,55,69,すいすい,うるおいボディ,ちょすい
ガマゲロゲ,通常,みず,じめん,105,95,75,85,75,74,すいすい,どくしゅ,ちょすい
ナゲキ,通常,かくとう,,120,100,85,30,85,45,こんじょう,せいしんりょく,かたやぶり
ダゲキ,通常,かくとう,,75,125,75,30,75,85,がんじょう,せいしんりょく,かたやぶり
クルミル,通常,むし,くさ,45,53,70,40,60,42,むしのしらせ,ようりょくそ,ぼうじん
クルマユ,通常,むし,くさ,55,63,90,50,80,42,リーフガード,ようりょくそ,ぼうじん
ハハコモリ,通常,むし,くさ,75,103,80,70,80,92,むしのしらせ,ようりょくそ,ぼうじん
フシデ,通常,むし,どく,30,45,59,30,39,57,どくのトゲ,むしのしらせ,かそく
ホイーガ,通常,むし,どく,40,55,99,40,79,47,どくのトゲ,むしのしらせ,かそく
ペンドラー,通常,むし,どく,60,100,89,55,69,112,どくのトゲ,むしのしらせ,かそく
モンメン,通常,くさ,フェアリー,40,27,60,37,50,66,いたずらごころ,すりぬけ,ようりょくそ
エルフーン,通常,くさ,フェアリー,60,67,85,77,75,116,いたずらごころ,すりぬけ,ようりょくそ
チュリネ,通常,くさ,,45,35,50,70,50,30,ようりょくそ,マイペース,リーフガード
ドレディア,通常,くさ,,70,60,75,110,75,90,ようりょくそ,マイペース,リーフガード
ドレディア,ヒスイのすがた,くさ,かくとう,70,105,75,50,75,105,ようりょくそ,はりきり,リーフガード
バスラオ,あかすじのすがた,みず,,70,92,65,80,55,98,すてみ,てきおうりょく,かたやぶり
バスラオ,あおすじのすがた,みず,,70,92,65,80,55,98,いしあたま,てきおうりょく,かたやぶり
バスラオ,しろすじのすがた,みず,,70,92,65,80,55,98,びびり,てきおうりょく,かたやぶり
メグロコ,通常,じめん,あく,50,72,35,35,35,65,いかく,じしんかじょう,いかりのつぼ
ワルビル,通常,じめん,あく,60,82,45,45,45,74,いかく,じしんかじょう,いかりのつぼ
ワルビアル,通常,じめん,あく,95,117,80,65,70,92,いかく,じしんかじょう,いかりのつぼ
ダルマッカ,通常,ほのお,,70,90,45,15,45,50,はりきり,,せいしんりょく
ダルマッカ,ガラルのすがた,こおり,,70,90,45,15,45,50,はりきり,,せいしんりょく
ヒヒダルマ,ノーマルモード,ほのお,,105,140,55,30,55,95,ちからずく,,ダルマモード
ヒヒダルマ,ダルマモード,ほのお,エスパー,105,30,105,140,105,55,ちからずく,,ダルマモード
ヒヒダルマ,ガラルのすがた,こおり,,105,140,55,30,55,95,ごりむちゅう,,ダルマモード
ヒヒダルマ,ダルマモード,こおり,ほのお,105,160,55,30,55,135,ごりむちゅう,,ダルマモード
マラカッチ,通常,くさ,,75,86,67,106,67,60,ちょすい,ようりょくそ,よびみず
イシズマイ,通常,むし,いわ,50,65,85,35,35,55,がんじょう,シェルアーマー,くだけるよろい
イワパレス,通常,むし,いわ,70,105,125,65,75,45,がんじょう,シェルアーマー,くだけるよろい
ズルッグ,通常,あく,かくとう,50,75,70,35,70,48,だっぴ,じしんかじょう,いかく
ズルズキン,通常,あく,かくとう,65,90,115,45,115,58,だっぴ,じしんかじょう,いかく
シンボラー,通常,エスパー,ひこう,72,58,80,103,80,97,ミラクルスキン,マジックガード,いろめがね
デスマス,通常,ゴースト,,38,30,85,55,65,30,ミイラ,,
デスマス,ガラルのすがた,じめん,ゴースト,38,55,85,30,65,30,さまようたましい,,
デスカーン,通常,ゴースト,,58,50,145,95,105,30,ミイラ,,
プロトーガ,通常,みず,いわ,54,78,103,53,45,22,ハードロック,がんじょう,すいすい
アバゴーラ,通常,みず,いわ,74,108,133,83,65,32,ハードロック,がんじょう,すいすい
アーケン,通常,いわ,ひこう,55,112,45,74,45,70,よわき,,
アーケオス,通常,いわ,ひこう,75,140,65,112,65,110,よわき,,
ヤブクロン,通常,どく,,50,50,62,40,62,65,あくしゅう,ねんちゃく,ゆうばく
ダストダス,通常,どく,,80,95,82,60,82,75,あくしゅう,くだけるよろい,ゆうばく
ダストダス,キョダイマックス,どく,,80,95,82,60,82,75,あくしゅう,くだけるよろい,ゆうばく
ゾロア,通常,あく,,40,65,40,80,40,65,イリュージョン,,
ゾロア,ヒスイのすがた,ノーマル,ゴースト,35,60,40,85,40,70,イリュージョン,,
ゾロアーク,通常,あく,,60,105,60,120,60,105,イリュージョン,,
ゾロアーク,ヒスイのすがた,ノーマル,ゴースト,55,100,60,125,60,110,イリュージョン,,
チラーミィ,通常,ノーマル,,55,50,40,40,40,75,メロメロボディ,テクニシャン,スキルリンク
チラチーノ,通常,ノーマル,,75,95,60,65,60,115,メロメロボディ,テクニシャン,スキルリンク
ゴチム,通常,エスパー,,45,30,50,55,65,45,おみとおし,かちき,かげふみ
ゴチミル,通常,エスパー,,60,45,70,75,85,55,おみとおし,かちき,かげふみ
ゴチルゼル,通常,エスパー,,70,55,95,95,110,65,おみとおし,かちき,かげふみ
ユニラン,通常,エスパー,,45,30,40,105,50,20,ぼうじん,マジックガード,さいせいりょく
ダブラン,通常,エスパー,,65,40,50,125,60,30,ぼうじん,マジックガード,さいせいりょく
ランクルス,通常,エスパー,,110,65,75,125,85,30,ぼうじん,マジックガード,さいせいりょく
コアルヒー,通常,みず,ひこう,62,44,50,44,50,55,するどいめ,はとむね,うるおいボディ
スワンナ,通常,みず,ひこう,75,87,63,87,63,98,するどいめ,はとむね,うるおいボディ
バニプッチ,通常,こおり,,36,50,50,65,60,44,アイスボディ,ゆきがくれ,くだけるよろい
バニリッチ,通常,こおり,,51,65,65,80,75,59,アイスボディ,ゆきがくれ,くだけるよろい
バイバニラ,通常,こおり,,71,95,85,110,95,79,アイスボディ,ゆきふらし,くだけるよろい
シキジカ,通常,ノーマル,くさ,60,60,50,40,50,75,ようりょくそ,そうしょく,てんのめぐみ
メブキジカ,通常,ノーマル,くさ,80,100,70,60,70,95,ようりょくそ,そうしょく,てんのめぐみ
エモンガ,通常,でんき,ひこう,55,75,60,75,60,103,せいでんき,,でんきエンジン
カブルモ,通常,むし,,50,75,45,40,45,60,むしのしらせ,だっぴ,ノーガード
シュバルゴ,通常,むし,はがね,70,135,105,60,105,20,むしのしらせ,シェルアーマー,ぼうじん
タマゲタケ,通常,くさ,どく,69,55,45,55,55,15,ほうし,,さいせいりょく
モロバレル,通常,くさ,どく,114,85,70,85,80,30,ほうし,,さいせいりょく
プルリル,通常,みず,ゴースト,55,40,50,65,85,40,ちょすい,のろわれボディ,しめりけ
ブルンゲル,通常,みず,ゴースト,100,60,70,85,105,60,ちょすい,のろわれボディ,しめりけ
ママンボウ,通常,みず,,165,75,80,40,45,65,いやしのこころ,うるおいボディ,さいせいりょく
バチュル,通常,むし,でんき,50,47,50,57,50,65,ふくがん,きんちょうかん,むしのしらせ
デンチュラ,通常,むし,でんき,70,77,60,97,60,108,ふくがん,きんちょうかん,むしのしらせ
テッシード,通常,くさ,はがね,44,50,91,24,86,10,てつのトゲ,,
ナットレイ,通常,くさ,はがね,74,94,131,54,116,20,てつのトゲ,,きけんよち
ギアル,通常,はがね,,40,55,70,45,60,30,プラス,マイナス,クリアボディ
ギギアル,通常,はがね,,60,80,95,70,85,50,プラス,マイナス,クリアボディ
ギギギアル,通常,はがね,,60,100,115,70,85,90,プラス,マイナス,クリアボディ
シビシラス,通常,でんき,,35,55,40,45,40,60,ふゆう,,
シビビール,通常,でんき,,65,85,70,75,70,40,ふゆう,,
シビルドン,通常,でんき,,85,115,80,105,80,50,ふゆう,,
リグレー,通常,エスパー,,55,55,55,85,55,30,テレパシー,シンクロ,アナライズ
オーベム,通常,エスパー,,75,75,75,125,95,40,テレパシー,シンクロ,アナライズ
ヒトモシ,通常,ゴースト,ほのお,50,30,55,65,55,20,もらいび,ほのおのからだ,すりぬけ
ランプラー,通常,ゴースト,ほのお,60,40,60,95,60,55,もらいび,ほのおのからだ,すりぬけ
シャンデラ,通常,ゴースト,ほのお,60,55,90,145,90,80,もらいび,ほのおのからだ,すりぬけ
キバゴ,通常,ドラゴン,,46,87,60,30,40,57,とうそうしん,かたやぶり,きんちょうかん
オノンド,通常,ドラゴン,,66,117,70,40,50,67,とうそうしん,かたやぶり,きんちょうかん
オノノクス,通常,ドラゴン,,76,147,90,60,70,97,とうそうしん,かたやぶり,きんちょうかん
クマシュン,通常,こおり,,55,70,40,60,40,40,ゆきがくれ,ゆきかき,びびり
ツンベアー,通常,こおり,,95,130,80,70,80,50,ゆきがくれ,ゆきかき,すいすい
フリージオ,通常,こおり,,80,50,50,95,135,105,ふゆう,,
チョボマキ,通常,むし,,50,40,85,40,65,25,うるおいボディ,シェルアーマー,ぼうじん
アギルダー,通常,むし,,80,70,40,100,60,145,うるおいボディ,ねんちゃく,かるわざ
マッギョ,通常,じめん,でんき,109,66,84,81,99,32,せいでんき,じゅうなん,すながくれ
マッギョ,ガラルのすがた,じめん,はがね,109,81,99,66,84,32,ぎたい,,
コジョフー,通常,かくとう,,45,85,50,55,50,65,せいしんりょく,さいせいりょく,すてみ
コジョンド,通常,かくとう,,65,125,60,95,60,105,せいしんりょく,さいせいりょく,すてみ
クリムガン,通常,ドラゴン,,77,120,90,60,90,48,さめはだ,ちからずく,かたやぶり
ゴビット,通常,じめん,ゴースト,59,74,50,35,50,35,てつのこぶし,ぶきよう,ノーガード
ゴルーグ,通常,じめん,ゴースト,89,124,80,55,80,55,てつのこぶし,ぶきよう,ノーガード
コマタナ,通常,あく,はがね,45,85,70,40,40,60,まけんき,せいしんりょく,プレッシャー
キリキザン,通常,あく,はがね,65,125,100,60,70,70,まけんき,せいしんりょく,プレッシャー
バッフロン,通常,ノーマル,,95,110,95,40,95,55,すてみ,そうしょく,ぼうおん
ワシボン,通常,ノーマル,ひこう,70,83,50,37,50,60,するどいめ,ちからずく,はりきり
ウォーグル,通常,ノーマル,ひこう,100,123,75,57,75,80,するどいめ,ちからずく,まけんき
ウォーグル,ヒスイのすがた,エスパー,ひこう,110,83,70,112,70,65,するどいめ,ちからずく,いろめがね
バルチャイ,通常,あく,ひこう,70,55,75,45,65,60,はとむね,ぼうじん,くだけるよろい
バルジーナ,通常,あく,ひこう,110,65,105,55,95,80,はとむね,ぼうじん,くだけるよろい
クイタラン,通常,ほのお,,85,97,66,105,66,65,くいしんぼう,もらいび,しろいけむり
アイアント,通常,むし,はがね,58,109,112,48,48,109,むしのしらせ,はりきり,なまけ
モノズ,通常,あく,ドラゴン,52,65,50,45,50,38,はりきり,,
ジヘッド,通常,あく,ドラゴン,72,85,70,65,70,58,はりきり,,
サザンドラ,通常,あく,ドラゴン,92,105,90,125,90,98,ふゆう,,
メラルバ,通常,むし,ほのお,55,85,55,50,55,60,ほのおのからだ,,むしのしらせ
ウルガモス,通常,むし,ほのお,85,60,65,135,105,100,ほのおのからだ,,むしのしらせ
コバルオン,通常,はがね,かくとう,91,90,129,90,72,108,せいぎのこころ,,
テラキオン,通常,いわ,かくとう,91,129,90,72,90,108,せいぎのこころ,,
ビリジオン,通常,くさ,かくとう,91,90,72,90,129,108,せいぎのこころ,,
トルネロス,けしんフォルム,ひこう,,79,115,70,125,80,111,いたずらごころ,,まけんき
トルネロス,れいじゅうフォルム,ひこう,,79,100,80,110,90,121,さいせいりょく,,
ボルトロス,けしんフォルム,でんき,ひこう,79,115,70,125,80,111,いたずらごころ,,まけんき
ボルトロス,れいじゅうフォルム,でんき,ひこう,79,105,70,145,80,101,ちくでん,,
レシラム,通常,ドラゴン,ほのお,100,120,100,150,120,90,ターボブレイズ,,
ゼクロム,通常,ドラゴン,でんき,100,150,120,120,100,90,テラボルテージ,,
ランドロス,けしんフォルム,じめん,ひこう,89,125,90,115,80,101,すなのちから,,ちからずく
ランドロス,れいじゅうフォルム,じめん,ひこう,89,145,90,105,80,91,いかく,,
キュレム,キュレムのすがた,ドラゴン,こおり,125,130,90,130,90,95,プレッシャー,,
キュレム,ブラックキュレム,ドラゴン,こおり,125,170,100,120,90,95,テラボルテージ,,
キュレム,ホワイトキュレム,ドラゴン,こおり,125,120,90,170,100,95,ターボブレイズ,,
ケルディオ,いつものすがた,みず,かくとう,91,72,90,129,90,108,せいぎのこころ,,
ケルディオ,かくごのすがた,みず,かくとう,91,72,90,129,90,108,せいぎのこころ,,
メロエッタ,ボイスフォルム,ノーマル,エスパー,100,77,77,128,128,90,てんのめぐみ,,
メロエッタ,ステップフォルム,ノーマル,かくとう,100,128,90,77,77,128,てんのめぐみ,,
ゲノセクト,通常,むし,はがね,71,120,95,120,95,99,ダウンロード,,
ハリマロン,通常,くさ,,56,61,65,48,45,38,しんりょく,,ぼうだん
ハリボーグ,通常,くさ,,61,78,95,56,58,57,しんりょく,,ぼうだん
ブリガロン,通常,くさ,かくとう,88,107,122,74,75,64,しんりょく,,ぼうだん
フォッコ,通常,ほのお,,40,45,40,62,60,60,もうか,,マジシャン
テールナー,通常,ほのお,,59,59,58,90,70,73,もうか,,マジシャン
マフォクシー,通常,ほのお,エスパー,75,69,72,114,100,104,もうか,,マジシャン
ケロマツ,通常,みず,,41,56,40,62,44,71,げきりゅう,,へんげんじざい
ゲコガシラ,通常,みず,,54,63,52,83,56,97,げきりゅう,,へんげんじざい
ゲッコウガ,通常,みず,あく,72,95,67,103,71,122,げきりゅう,,へんげんじざい
ゲッコウガ,きずなへんげ,みず,あく,72,95,67,103,71,122,きずなへんげ,,
ゲッコウガ,サトシゲッコウガ,みず,あく,72,145,67,153,71,132,きずなへんげ,,
ホルビー,通常,ノーマル,,38,36,38,32,36,57,ものひろい,ほおぶくろ,ちからもち
ホルード,通常,ノーマル,じめん,85,56,77,50,77,78,ものひろい,ほおぶくろ,ちからもち
ヤヤコマ,通常,ノーマル,ひこう,45,50,43,40,38,62,はとむね,,はやてのつばさ
ヒノヤコマ,通常,ほのお,ひこう,62,73,55,56,52,84,ほのおのからだ,,はやてのつばさ
ファイアロー,通常,ほのお,ひこう,78,81,71,74,69,126,ほのおのからだ,,はやてのつばさ
コフキムシ,通常,むし,,38,35,40,27,25,35,りんぷん,ふくがん,フレンドガード
コフーライ,通常,むし,,45,22,60,27,30,29,だっぴ,,フレンドガード
ビビヨン,通常,むし,ひこう,80,52,50,90,50,89,りんぷん,ふくがん,フレンドガード
シシコ,通常,ほのお,ノーマル,62,50,58,73,54,72,とうそうしん,きんちょうかん,じしんかじょう
カエンジシ,通常,ほのお,ノーマル,86,68,72,109,66,106,とうそうしん,きんちょうかん,じしんかじょう
フラベベ,通常,フェアリー,,44,38,39,61,79,42,フラワーベール,,きょうせい
フラエッテ,通常,フェアリー,,54,45,47,75,98,52,フラワーベール,,きょうせい
フラエッテ,えいえんのはな,フェアリー,,74,65,67,125,128,92,フラワーベール,,きょうせい
フラージェス,通常,フェアリー,,78,65,68,112,154,75,フラワーベール,,きょうせい
メェークル,通常,くさ,,66,65,48,62,57,52,そうしょく,,くさのけがわ
ゴーゴート,通常,くさ,,123,100,62,97,81,68,そうしょく,,くさのけがわ
ヤンチャム,通常,かくとう,,67,82,62,46,48,43,てつのこぶし,かたやぶり,きもったま
ゴロンダ,通常,かくとう,あく,95,124,78,69,71,58,てつのこぶし,かたやぶり,きもったま
トリミアン,通常,ノーマル,,75,80,60,65,90,102,ファーコート,,
ニャスパー,通常,エスパー,,62,48,54,63,60,68,するどいめ,すりぬけ,マイペース
ニャオニクス,オスのすがた,エスパー,,74,48,76,83,81,104,するどいめ,すりぬけ,いたずらごころ
ニャオニクス,メスのすがた,エスパー,,74,48,76,83,81,104,するどいめ,すりぬけ,かちき
ヒトツキ,通常,はがね,ゴースト,45,80,100,35,37,28,ノーガード,,
ニダンギル,通常,はがね,ゴースト,59,110,150,45,49,35,ノーガード,,
ギルガルド,シールドフォルム,はがね,ゴースト,60,50,140,50,140,60,バトルスイッチ,,
ギルガルド,ブレードフォルム,はがね,ゴースト,60,140,50,140,50,60,バトルスイッチ,,
シュシュプ,通常,フェアリー,,78,52,60,63,65,23,いやしのこころ,,アロマベール
フレフワン,通常,フェアリー,,101,72,72,99,89,29,いやしのこころ,,アロマベール
ペロッパフ,通常,フェアリー,,62,48,66,59,57,49,スイートベール,,かるわざ
ペロリーム,通常,フェアリー,,82,80,86,85,75,72,スイートベール,,かるわざ
マーイーカ,通常,あく,エスパー,53,54,53,37,46,45,あまのじゃく,きゅうばん,すりぬけ
カラマネロ,通常,あく,エスパー,86,92,88,68,75,73,あまのじゃく,きゅうばん,すりぬけ
カメテテ,通常,いわ,みず,42,52,67,39,56,50,かたいツメ,スナイパー,わるいてぐせ
ガメノデス,通常,いわ,みず,72,105,115,54,86,68,かたいツメ,スナイパー,わるいてぐせ
クズモー,通常,どく,みず,50,60,60,60,60,30,どくのトゲ,どくしゅ,てきおうりょく
ドラミドロ,通常,どく,ドラゴン,65,75,90,97,123,44,どくのトゲ,どくしゅ,てきおうりょく
ウデッポウ,通常,みず,,50,53,62,58,63,44,メガランチャー,,
ブロスター,通常,みず,,71,73,88,120,89,59,メガランチャー,,
エリキテル,通常,でんき,ノーマル,44,38,33,61,43,70,かんそうはだ,すながくれ,サンパワー
エレザード,通常,でんき,ノーマル,62,55,52,109,94,109,かんそうはだ,すながくれ,サンパワー
チゴラス,通常,いわ,ドラゴン,58,89,77,45,45,48,がんじょうあご,,がんじょう
ガチゴラス,通常,いわ,ドラゴン,82,121,119,69,59,71,がんじょうあご,,いしあたま
アマルス,通常,いわ,こおり,77,59,50,67,63,46,フリーズスキン,,ゆきふらし
アマルルガ,通常,いわ,こおり,123,77,72,99,92,58,フリーズスキン,,ゆきふらし
ニンフィア,通常,フェアリー,,95,65,65,110,130,60,メロメロボディ,,フェアリースキン
ルチャブル,通常,かくとう,ひこう,78,92,75,74,63,118,じゅうなん,かるわざ,かたやぶり
デデンネ,通常,でんき,フェアリー,67,58,57,81,67,101,ほおぶくろ,ものひろい,プラス
メレシー,通常,いわ,フェアリー,50,50,150,50,150,50,クリアボディ,,がんじょう
ヌメラ,通常,ドラゴン,,45,50,35,55,75,40,そうしょく,うるおいボディ,ぬめぬめ
ヌメイル,通常,ドラゴン,,68,75,53,83,113,60,そうしょく,うるおいボディ,ぬめぬめ
ヌメイル,ヒスイのすがた,はがね,ドラゴン,58,75,83,83,113,40,そうしょく,シェルアーマー,ぬめぬめ
ヌメルゴン,通常,ドラゴン,,90,100,70,110,150,80,そうしょく,うるおいボディ,ぬめぬめ
ヌメルゴン,ヒスイのすがた,はがね,ドラゴン,80,100,100,110,150,60,そうしょく,シェルアーマー,ぬめぬめ
クレッフィ,通常,はがね,フェアリー,57,80,91,80,87,75,いたずらごころ,,マジシャン
ボクレー,通常,ゴースト,くさ,43,70,48,50,60,38,しぜんかいふく,おみとおし,しゅうかく
オーロット,通常,ゴースト,くさ,85,110,76,65,82,56,しぜんかいふく,おみとおし,しゅうかく
バケッチャ,ふつうのサイズ,ゴースト,くさ,49,66,70,44,55,51,ものひろい,おみとおし,ふみん
バケッチャ,ちいさいサイズ,ゴースト,くさ,44,66,70,44,55,56,ものひろい,おみとおし,ふみん
バケッチャ,おおきいサイズ,ゴースト,くさ,54,66,70,44,55,46,ものひろい,おみとおし,ふみん
バケッチャ,とくだいサイズ,ゴースト,くさ,59,66,70,44,55,41,ものひろい,おみとおし,ふみん
パンプジン,ふつうのサイズ,ゴースト,くさ,65,90,122,58,75,84,ものひろい,おみとおし,ふみん
パンプジン,ちいさいサイズ,ゴースト,くさ,55,85,122,58,75,99,ものひろい,おみとおし,ふみん
パンプジン,おおきいサイズ,ゴースト,くさ,75,95,122,58,75,69,ものひろい,おみとおし,ふみん
パンプジン,とくだいサイズ,ゴースト,くさ,85,100,122,58,75,54,ものひろい,おみとおし,ふみん
カチコール,通常,こおり,,55,69,85,32,35,28,マイペース,アイスボディ,がんじょう
クレベース,通常,こおり,,95,117,184,44,46,28,マイペース,アイスボディ,がんじょう
クレベース,ヒスイのすがた,こおり,いわ,95,127,184,34,36,38,がんじょうあご,アイスボディ,がんじょう
オンバット,通常,ひこう,ドラゴン,40,30,35,45,40,55,おみとおし,すりぬけ,テレパシー
オンバーン,通常,ひこう,ドラゴン,85,70,80,97,80,123,おみとおし,すりぬけ,テレパシー
ゼルネアス,通常,フェアリー,,126,131,95,131,98,99,フェアリーオーラ,,
イベルタル,通常,あく,ひこう,126,131,95,131,98,99,ダークオーラ,,
ジガルデ,５０％フォルム,ドラゴン,じめん,108,100,121,81,95,95,オーラブレイク,,
ジガルデ,１０％フォルム,ドラゴン,じめん,54,100,71,61,85,115,スワームチェンジ,,
ジガルデ,５０％フォルム,ドラゴン,じめん,108,100,121,81,95,95,スワームチェンジ,,
ジガルデ,パーフェクトフォルム,ドラゴン,じめん,216,100,121,91,95,85,スワームチェンジ,,
ジガルデ,１０％フォルム,ドラゴン,じめん,54,100,71,61,85,115,オーラブレイク,,
ディアンシー,通常,いわ,フェアリー,50,100,150,100,150,50,クリアボディ,,
ディアンシー,メガディアンシー,いわ,フェアリー,50,160,110,160,110,110,マジックミラー,,
フーパ,いましめられしフーパ,エスパー,ゴースト,80,110,60,150,130,70,マジシャン,,
フーパ,ときはなたれしフーパ,エスパー,あく,80,160,60,170,130,80,マジシャン,,
ボルケニオン,通常,ほのお,みず,80,110,120,130,90,70,ちょすい,,
モクロー,通常,くさ,ひこう,68,55,55,50,50,42,しんりょく,,えんかく
フクスロー,通常,くさ,ひこう,78,75,75,70,70,52,しんりょく,,えんかく
ジュナイパー,通常,くさ,ゴースト,78,107,75,100,100,70,しんりょく,,えんかく
ジュナイパー,ヒスイのすがた,くさ,かくとう,88,112,80,95,95,60,しんりょく,,きもったま
ニャビー,通常,ほのお,,45,65,40,60,40,70,もうか,,いかく
ニャヒート,通常,ほのお,,65,85,50,80,50,90,もうか,,いかく
ガオガエン,通常,ほのお,あく,95,115,90,80,90,60,もうか,,いかく
アシマリ,通常,みず,,50,54,54,66,56,40,げきりゅう,,うるおいボイス
オシャマリ,通常,みず,,60,69,69,91,81,50,げきりゅう,,うるおいボイス
アシレーヌ,通常,みず,フェアリー,80,74,74,126,116,60,げきりゅう,,うるおいボイス
ツツケラ,通常,ノーマル,ひこう,35,75,30,30,30,65,するどいめ,スキルリンク,ものひろい
ケララッパ,通常,ノーマル,ひこう,55,85,50,40,50,75,するどいめ,スキルリンク,ものひろい
ドデカバシ,通常,ノーマル,ひこう,80,120,75,75,75,60,するどいめ,スキルリンク,ちからずく
ヤングース,通常,ノーマル,,48,70,30,30,30,45,はりこみ,がんじょうあご,てきおうりょく
デカグース,通常,ノーマル,,88,110,60,55,60,45,はりこみ,がんじょうあご,てきおうりょく
デカグース,ぬし,ノーマル,,88,110,60,55,60,45,はりこみ,がんじょうあご,てきおうりょく
アゴジムシ,通常,むし,,47,62,45,55,45,46,むしのしらせ,,
デンヂムシ,通常,むし,でんき,57,82,95,55,75,36,バッテリー,,
クワガノン,通常,むし,でんき,77,70,90,145,75,43,ふゆう,,
クワガノン,ぬし,むし,でんき,77,70,90,145,75,43,ふゆう,,
マケンカニ,通常,かくとう,,47,82,57,42,47,63,かいりきバサミ,てつのこぶし,いかりのつぼ
ケケンカニ,通常,かくとう,こおり,97,132,77,62,67,43,かいりきバサミ,てつのこぶし,いかりのつぼ
オドリドリ,めらめらスタイル,ほのお,ひこう,75,70,70,98,70,93,おどりこ,,
オドリドリ,ぱちぱちスタイル,でんき,ひこう,75,70,70,98,70,93,おどりこ,,
オドリドリ,ふらふらスタイル,エスパー,ひこう,75,70,70,98,70,93,おどりこ,,
オドリドリ,まいまいスタイル,ゴースト,ひこう,75,70,70,98,70,93,おどりこ,,
アブリー,通常,むし,フェアリー,40,45,40,55,40,84,みつあつめ,りんぷん,スイートベール
アブリボン,通常,むし,フェアリー,60,55,60,95,70,124,みつあつめ,りんぷん,スイートベール
アブリボン,ぬし,むし,フェアリー,60,55,60,95,70,124,みつあつめ,りんぷん,スイートベール
イワンコ,通常,いわ,,45,65,40,30,40,60,するどいめ,やるき,ふくつのこころ
イワンコ,マイペース,いわ,,45,65,40,30,40,60,マイペース,,
ルガルガン,まひるのすがた,いわ,,75,115,65,55,65,112,するどいめ,すなかき,ふくつのこころ
ルガルガン,まよなかのすがた,いわ,,85,115,75,55,75,82,するどいめ,やるき,ノーガード
ルガルガン,たそがれのすがた,いわ,,75,117,65,55,65,110,かたいツメ,,
ヨワシ,たんどくのすがた,みず,,45,20,20,25,25,40,ぎょぐん,,
ヨワシ,むれたすがた,みず,,45,140,130,140,135,30,ぎょぐん,,
ヒドイデ,通常,どく,みず,50,53,62,43,52,45,ひとでなし,じゅうなん,さいせいりょく
ドヒドイデ,通常,どく,みず,50,63,152,53,142,35,ひとでなし,じゅうなん,さいせいりょく
ドロバンコ,通常,じめん,,70,100,70,45,55,45,マイペース,じきゅうりょく,せいしんりょく
バンバドロ,通常,じめん,,100,125,100,55,85,35,マイペース,じきゅうりょく,せいしんりょく
シズクモ,通常,みず,むし,38,40,52,40,72,27,すいほう,,ちょすい
オニシズクモ,通常,みず,むし,68,70,92,50,132,42,すいほう,,ちょすい
オニシズクモ,ぬし,みず,むし,68,70,92,50,132,42,すいほう,,ちょすい
カリキリ,通常,くさ,,40,55,35,50,35,35,リーフガード,,あまのじゃく
ラランテス,通常,くさ,,70,105,90,80,90,45,リーフガード,,あまのじゃく
ラランテス,ぬし,くさ,,70,105,90,80,90,45,リーフガード,,あまのじゃく
ネマシュ,通常,くさ,フェアリー,40,35,55,65,75,15,はっこう,ほうし,あめうけざら
マシェード,通常,くさ,フェアリー,60,45,80,90,100,30,はっこう,ほうし,あめうけざら
ヤトウモリ,通常,どく,ほのお,48,44,40,71,40,77,ふしょく,,どんかん
エンニュート,通常,どく,ほのお,68,64,60,111,60,117,ふしょく,,どんかん
エンニュート,ぬし,どく,ほのお,68,64,60,111,60,117,ふしょく,,どんかん
ヌイコグマ,通常,ノーマル,かくとう,70,75,50,45,50,50,もふもふ,ぶきよう,メロメロボディ
キテルグマ,通常,ノーマル,かくとう,120,125,80,55,60,60,もふもふ,ぶきよう,きんちょうかん
アマカジ,通常,くさ,,42,30,38,30,38,32,リーフガード,どんかん,スイートベール
アママイコ,通常,くさ,,52,40,48,40,48,62,リーフガード,どんかん,スイートベール
アマージョ,通常,くさ,,72,120,98,50,98,72,リーフガード,じょおうのいげん,スイートベール
キュワワー,通常,フェアリー,,51,52,90,82,110,100,フラワーベール,ヒーリングシフト,しぜんかいふく
ヤレユータン,通常,ノーマル,エスパー,90,60,80,90,110,60,せいしんりょく,テレパシー,きょうせい
ナゲツケサル,通常,かくとう,,100,120,90,40,60,80,レシーバー,,まけんき
コソクムシ,通常,むし,みず,25,35,40,20,30,80,にげごし,,
グソクムシャ,通常,むし,みず,75,125,140,60,90,40,ききかいひ,,
スナバァ,通常,ゴースト,じめん,55,55,80,70,45,15,みずがため,,すながくれ
シロデスナ,通常,ゴースト,じめん,85,75,110,100,75,35,みずがため,,すながくれ
ナマコブシ,通常,みず,,55,60,130,30,130,5,とびだすなかみ,,てんねん
タイプ：ヌル,通常,ノーマル,,95,95,95,95,95,59,カブトアーマー,,
シルヴァディ,通常,ノーマル,,95,95,95,95,95,95,ＡＲシステム,,
メテノ,りゅうせいのすがた,いわ,ひこう,60,60,100,60,100,60,リミットシールド,,
メテノ,りゅうせいのすがた,いわ,ひこう,60,60,100,60,100,60,リミットシールド,,
メテノ,りゅうせいのすがた,いわ,ひこう,60,60,100,60,100,60,リミットシールド,,
メテノ,りゅうせいのすがた,いわ,ひこう,60,60,100,60,100,60,リミットシールド,,
メテノ,りゅうせいのすがた,いわ,ひこう,60,60,100,60,100,60,リミットシールド,,
メテノ,りゅうせいのすがた,いわ,ひこう,60,60,100,60,100,60,リミットシールド,,
メテノ,りゅうせいのすがた,いわ,ひこう,60,60,100,60,100,60,リミットシールド,,
メテノ,あかいろのコア,いわ,ひこう,60,100,60,100,60,120,リミットシールド,,
メテノ,だいだいいろのコア,いわ,ひこう,60,100,60,100,60,120,リミットシールド,,
メテノ,きいろのコア,いわ,ひこう,60,100,60,100,60,120,リミットシールド,,
メテノ,みどりいろのコア,いわ,ひこう,60,100,60,100,60,120,リミットシールド,,
メテノ,みずいろのコア,いわ,ひこう,60,100,60,100,60,120,リミットシールド,,
メテノ,あおいろのコア,いわ,ひこう,60,100,60,100,60,120,リミットシールド,,
メテノ,むらさきいろのコア,いわ,ひこう,60,100,60,100,60,120,リミットシールド,,
ネッコアラ,通常,ノーマル,,65,115,65,75,95,65,ぜったいねむり,,
バクガメス,通常,ほのお,ドラゴン,60,78,135,91,85,36,シェルアーマー,,
トゲデマル,通常,でんき,はがね,65,98,63,40,73,96,てつのトゲ,ひらいしん,がんじょう
トゲデマル,ぬし,でんき,はがね,65,98,63,40,73,96,てつのトゲ,ひらいしん,がんじょう
ミミッキュ,ばけたすがた,ゴースト,フェアリー,55,90,80,50,105,96,ばけのかわ,,
ミミッキュ,ばれたすがた,ゴースト,フェアリー,55,90,80,50,105,96,ばけのかわ,,
ミミッキュ,ぬし（ばけたすがた）,ゴースト,フェアリー,55,90,80,50,105,96,ばけのかわ,,
ミミッキュ,ぬし（ばれたすがた）,ゴースト,フェアリー,55,90,80,50,105,96,ばけのかわ,,
ハギギシリ,通常,みず,エスパー,68,105,70,70,70,92,ビビッドボディ,がんじょうあご,ミラクルスキン
ジジーロン,通常,ノーマル,ドラゴン,78,60,85,135,91,36,ぎゃくじょう,そうしょく,ノーてんき
ダダリン,通常,ゴースト,くさ,70,131,100,86,90,40,はがねつかい,,
ジャラコ,通常,ドラゴン,,45,55,65,45,45,45,ぼうだん,ぼうおん,ぼうじん
ジャランゴ,通常,ドラゴン,かくとう,55,75,90,65,70,65,ぼうだん,ぼうおん,ぼうじん
ジャラランガ,通常,ドラゴン,かくとう,75,110,125,100,105,85,ぼうだん,ぼうおん,ぼうじん
ジャラランガ,ぬし,ドラゴン,かくとう,75,110,125,100,105,85,ぼうだん,ぼうおん,ぼうじん
カプ・コケコ,通常,でんき,フェアリー,70,115,85,95,75,130,エレキメイカー,,テレパシー
カプ・テテフ,通常,エスパー,フェアリー,70,85,75,130,115,95,サイコメイカー,,テレパシー
カプ・ブルル,通常,くさ,フェアリー,70,130,115,85,95,75,グラスメイカー,,テレパシー
カプ・レヒレ,通常,みず,フェアリー,70,75,115,95,130,85,ミストメイカー,,テレパシー
コスモッグ,通常,エスパー,,43,29,31,29,31,37,てんねん,,
コスモウム,通常,エスパー,,43,29,131,29,131,37,がんじょう,,
ソルガレオ,通常,エスパー,はがね,137,137,107,113,89,97,メタルプロテクト,,
ルナアーラ,通常,エスパー,ゴースト,137,113,89,137,107,97,ファントムガード,,
ウツロイド,通常,いわ,どく,109,53,47,127,131,103,ビーストブースト,,
マッシブーン,通常,むし,かくとう,107,139,139,53,53,79,ビーストブースト,,
フェローチェ,通常,むし,かくとう,71,137,37,137,37,151,ビーストブースト,,
デンジュモク,通常,でんき,,83,89,71,173,71,83,ビーストブースト,,
テッカグヤ,通常,はがね,ひこう,97,101,103,107,101,61,ビーストブースト,,
カミツルギ,通常,くさ,はがね,59,181,131,59,31,109,ビーストブースト,,
アクジキング,通常,あく,ドラゴン,223,101,53,97,53,43,ビーストブースト,,
ネクロズマ,通常,エスパー,,97,107,101,127,89,79,プリズムアーマー,,
ネクロズマ,たそがれのたてがみ,エスパー,はがね,97,157,127,113,109,77,プリズムアーマー,,
ネクロズマ,あかつきのつばさ,エスパー,ゴースト,97,113,109,157,127,77,プリズムアーマー,,
ネクロズマ,ウルトラネクロズマ,エスパー,ドラゴン,97,167,97,167,97,129,ブレインフォース,,
マギアナ,通常,はがね,フェアリー,80,95,115,130,115,65,ソウルハート,,
マギアナ,５００ねんまえのいろ,はがね,フェアリー,80,95,115,130,115,65,ソウルハート,,
マーシャドー,通常,かくとう,ゴースト,90,125,80,90,90,125,テクニシャン,,
ベベノム,通常,どく,,67,73,67,73,67,73,ビーストブースト,,
アーゴヨン,通常,どく,ドラゴン,73,73,73,127,73,121,ビーストブースト,,
ツンデツンデ,通常,いわ,はがね,61,131,211,53,101,13,ビーストブースト,,
ズガドーン,通常,ほのお,ゴースト,53,127,53,151,79,107,ビーストブースト,,
ゼラオラ,通常,でんき,,88,112,75,102,80,143,ちくでん,,
メルタン,通常,はがね,,46,65,65,55,35,34,じりょく,,
メルメタル,通常,はがね,,135,143,143,80,65,34,てつのこぶし,,
メルメタル,キョダイマックス,はがね,,135,143,143,80,65,34,てつのこぶし,,
サルノリ,通常,くさ,,50,65,50,40,40,65,しんりょく,,グラスメイカー
バチンキー,通常,くさ,,70,85,70,55,60,80,しんりょく,,グラスメイカー
ゴリランダー,通常,くさ,,100,125,90,60,70,85,しんりょく,,グラスメイカー
ゴリランダー,キョダイマックス,くさ,,100,125,90,60,70,85,しんりょく,,グラスメイカー
ヒバニー,通常,ほのお,,50,71,40,40,40,69,もうか,,リベロ
ラビフット,通常,ほのお,,65,86,60,55,60,94,もうか,,リベロ
エースバーン,通常,ほのお,,80,116,75,65,75,119,もうか,,リベロ
エースバーン,キョダイマックス,ほのお,,80,116,75,65,75,119,もうか,,リベロ
メッソン,通常,みず,,50,40,40,70,40,70,げきりゅう,,スナイパー
ジメレオン,通常,みず,,65,60,55,95,55,90,げきりゅう,,スナイパー
インテレオン,通常,みず,,70,85,65,125,65,120,げきりゅう,,スナイパー
インテレオン,キョダイマックス,みず,,70,85,65,125,65,120,げきりゅう,,スナイパー
ホシガリス,通常,ノーマル,,70,55,55,35,35,25,ほおぶくろ,,くいしんぼう
ヨクバリス,通常,ノーマル,,120,95,95,55,75,20,ほおぶくろ,,くいしんぼう
ココガラ,通常,ひこう,,38,47,35,33,35,57,するどいめ,きんちょうかん,はとむね
アオガラス,通常,ひこう,,68,67,55,43,55,77,するどいめ,きんちょうかん,はとむね
アーマーガア,通常,ひこう,はがね,98,87,105,53,85,67,プレッシャー,きんちょうかん,ミラーアーマー
アーマーガア,キョダイマックス,ひこう,はがね,98,87,105,53,85,67,プレッシャー,きんちょうかん,ミラーアーマー
サッチムシ,通常,むし,,25,20,20,25,45,45,むしのしらせ,ふくがん,テレパシー
レドームシ,通常,むし,エスパー,50,35,80,50,90,30,むしのしらせ,ふくがん,テレパシー
イオルブ,通常,むし,エスパー,60,45,110,80,120,90,むしのしらせ,おみとおし,テレパシー
イオルブ,キョダイマックス,むし,エスパー,60,45,110,80,120,90,むしのしらせ,おみとおし,テレパシー
クスネ,通常,あく,,40,28,28,47,52,50,にげあし,かるわざ,はりこみ
フォクスライ,通常,あく,,70,58,58,87,92,90,にげあし,かるわざ,はりこみ
ヒメンカ,通常,くさ,,40,40,60,40,60,10,わたげ,さいせいりょく,ほうし
ワタシラガ,通常,くさ,,60,50,90,80,120,60,わたげ,さいせいりょく,ほうし
ウールー,通常,ノーマル,,42,40,55,40,45,48,もふもふ,にげあし,ぼうだん
バイウールー,通常,ノーマル,,72,80,100,60,90,88,もふもふ,ふくつのこころ,ぼうだん
カムカメ,通常,みず,,50,64,50,38,38,44,がんじょうあご,シェルアーマー,すいすい
カジリガメ,通常,みず,いわ,90,115,90,48,68,74,がんじょうあご,シェルアーマー,すいすい
カジリガメ,キョダイマックス,みず,いわ,90,115,90,48,68,74,がんじょうあご,シェルアーマー,すいすい
ワンパチ,通常,でんき,,59,45,50,40,50,26,たまひろい,,びびり
パルスワン,通常,でんき,,69,90,60,90,60,121,がんじょうあご,,かちき
タンドン,通常,いわ,,30,40,50,40,50,30,じょうききかん,たいねつ,もらいび
トロッゴン,通常,いわ,ほのお,80,60,90,60,70,50,じょうききかん,ほのおのからだ,もらいび
セキタンザン,通常,いわ,ほのお,110,80,120,80,90,30,じょうききかん,ほのおのからだ,もらいび
セキタンザン,キョダイマックス,いわ,ほのお,110,80,120,80,90,30,じょうききかん,ほのおのからだ,もらいび
カジッチュ,通常,くさ,ドラゴン,40,40,80,40,40,20,じゅくせい,くいしんぼう,ぼうだん
アップリュー,通常,くさ,ドラゴン,70,110,80,95,60,70,じゅくせい,くいしんぼう,はりきり
アップリュー,キョダイマックス,くさ,ドラゴン,70,110,80,95,60,70,じゅくせい,くいしんぼう,はりきり
タルップル,通常,くさ,ドラゴン,110,85,80,100,80,30,じゅくせい,くいしんぼう,あついしぼう
タルップル,キョダイマックス,くさ,ドラゴン,110,85,80,100,80,30,じゅくせい,くいしんぼう,あついしぼう
スナヘビ,通常,じめん,,52,57,75,35,50,46,すなはき,だっぴ,すながくれ
サダイジャ,通常,じめん,,72,107,125,65,70,71,すなはき,だっぴ,すながくれ
サダイジャ,キョダイマックス,じめん,,72,107,125,65,70,71,すなはき,だっぴ,すながくれ
ウッウ,通常,ひこう,みず,70,85,55,85,95,85,うのミサイル,,
ウッウ,うのみのすがた,ひこう,みず,70,85,55,85,95,85,うのミサイル,,
ウッウ,まるのみのすがた,ひこう,みず,70,85,55,85,95,85,うのミサイル,,
サシカマス,通常,みず,,41,63,40,40,30,66,すいすい,,スクリューおびれ
カマスジョー,通常,みず,,61,123,60,60,50,136,すいすい,,スクリューおびれ
エレズン,通常,でんき,どく,40,38,35,54,35,40,びびり,せいでんき,ぶきよう
ストリンダー,ハイなすがた,でんき,どく,75,98,70,114,70,75,パンクロック,プラス,テクニシャン
ストリンダー,ローなすがた,でんき,どく,75,98,70,114,70,75,パンクロック,マイナス,テクニシャン
ストリンダー,キョダイマックス,でんき,どく,75,98,70,114,70,75,パンクロック,プラス,テクニシャン
ストリンダー,キョダイマックス,でんき,どく,75,98,70,114,70,75,パンクロック,マイナス,テクニシャン
ヤクデ,通常,ほのお,むし,50,65,45,50,50,45,もらいび,しろいけむり,ほのおのからだ
マルヤクデ,通常,ほのお,むし,100,115,65,90,90,65,もらいび,しろいけむり,ほのおのからだ
マルヤクデ,キョダイマックス,ほのお,むし,100,115,65,90,90,65,もらいび,しろいけむり,ほのおのからだ
タタッコ,通常,かくとう,,50,68,60,50,50,32,じゅうなん,,テクニシャン
オトスパス,通常,かくとう,,80,118,90,70,80,42,じゅうなん,,テクニシャン
ヤバチャ,通常,ゴースト,,40,45,45,74,54,50,くだけるよろい,,のろわれボディ
ポットデス,通常,ゴースト,,60,65,65,134,114,70,くだけるよろい,,のろわれボディ
ミブリム,通常,エスパー,,42,30,45,56,53,39,いやしのこころ,きけんよち,マジックミラー
テブリム,通常,エスパー,,57,40,65,86,73,49,いやしのこころ,きけんよち,マジックミラー
ブリムオン,通常,エスパー,フェアリー,57,90,95,136,103,29,いやしのこころ,きけんよち,マジックミラー
ブリムオン,キョダイマックス,エスパー,フェアリー,57,90,95,136,103,29,いやしのこころ,きけんよち,マジックミラー
ベロバー,通常,あく,フェアリー,45,45,30,55,40,50,いたずらごころ,おみとおし,わるいてぐせ
ギモー,通常,あく,フェアリー,65,60,45,75,55,70,いたずらごころ,おみとおし,わるいてぐせ
オーロンゲ,通常,あく,フェアリー,95,120,65,95,75,60,いたずらごころ,おみとおし,わるいてぐせ
オーロンゲ,キョダイマックス,あく,フェアリー,95,120,65,95,75,60,いたずらごころ,おみとおし,わるいてぐせ
タチフサグマ,通常,あく,ノーマル,93,90,101,60,81,95,すてみ,こんじょう,まけんき
ニャイキング,通常,はがね,,70,110,100,50,60,50,カブトアーマー,かたいツメ,はがねのせいしん
サニゴーン,通常,ゴースト,,60,95,50,145,130,30,くだけるよろい,,ほろびのボディ
ネギガナイト,通常,かくとう,,62,135,95,68,82,65,ふくつのこころ,,きもったま
バリコオル,通常,こおり,エスパー,80,85,75,110,100,70,ちどりあし,バリアフリー,アイスボディ
デスバーン,通常,じめん,ゴースト,58,95,145,50,105,30,さまようたましい,,
マホミル,通常,フェアリー,,45,40,40,50,61,34,スイートベール,,アロマベール
マホイップ,通常,フェアリー,,65,60,75,110,121,64,スイートベール,,アロマベール
マホイップ,キョダイマックス,フェアリー,,65,60,75,110,121,64,スイートベール,,アロマベール
タイレーツ,通常,かくとう,,65,100,100,70,60,75,カブトアーマー,,まけんき
バチンウニ,通常,でんき,,48,101,95,91,85,15,ひらいしん,,エレキメイカー
ユキハミ,通常,こおり,むし,30,25,35,45,30,20,りんぷん,,こおりのりんぷん
モスノウ,通常,こおり,むし,70,65,60,125,90,65,りんぷん,,こおりのりんぷん
イシヘンジン,通常,いわ,,100,125,135,20,20,70,パワースポット,,
コオリッポ,アイスフェイス,こおり,,75,80,110,65,90,50,アイスフェイス,,
コオリッポ,ナイスフェイス,こおり,,75,80,70,65,50,130,アイスフェイス,,
イエッサン,オスのすがた,エスパー,ノーマル,60,65,55,105,95,95,せいしんりょく,シンクロ,サイコメイカー
イエッサン,メスのすがた,エスパー,ノーマル,70,55,65,95,105,85,マイペース,シンクロ,サイコメイカー
モルペコ,まんぷくもよう,でんき,あく,58,95,58,70,58,97,はらぺこスイッチ,,
モルペコ,はらぺこもよう,でんき,あく,58,95,58,70,58,97,はらぺこスイッチ,,
ゾウドウ,通常,はがね,,72,80,49,40,49,40,ちからずく,,ヘヴィメタル
ダイオウドウ,通常,はがね,,122,130,69,80,69,30,ちからずく,,ヘヴィメタル
ダイオウドウ,キョダイマックス,はがね,,122,130,69,80,69,30,ちからずく,,ヘヴィメタル
パッチラゴン,通常,でんき,ドラゴン,90,100,90,80,70,75,ちくでん,はりきり,すなかき
パッチルドン,通常,でんき,こおり,90,100,90,90,80,55,ちくでん,せいでんき,ゆきかき
ウオノラゴン,通常,みず,ドラゴン,90,90,100,70,80,75,ちょすい,がんじょうあご,すなかき
ウオチルドン,通常,みず,こおり,90,90,100,80,90,55,ちょすい,アイスボディ,ゆきかき
ジュラルドン,通常,はがね,ドラゴン,70,95,115,120,50,85,ライトメタル,ヘヴィメタル,すじがねいり
ジュラルドン,キョダイマックス,はがね,ドラゴン,70,95,115,120,50,85,ライトメタル,ヘヴィメタル,すじがねいり
ドラメシヤ,通常,ドラゴン,ゴースト,28,60,30,40,30,82,クリアボディ,すりぬけ,のろわれボディ
ドロンチ,通常,ドラゴン,ゴースト,68,80,50,60,50,102,クリアボディ,すりぬけ,のろわれボディ
ドラパルト,通常,ドラゴン,ゴースト,88,120,75,100,75,142,クリアボディ,すりぬけ,のろわれボディ
ザシアン,れきせんのゆうしゃ,フェアリー,,92,120,115,80,115,138,ふとうのけん,,
ザシアン,けんのおう,フェアリー,はがね,92,150,115,80,115,148,ふとうのけん,,
ザマゼンタ,れきせんのゆうしゃ,かくとう,,92,120,115,80,115,138,ふくつのたて,,
ザマゼンタ,たてのおう,かくとう,はがね,92,120,140,80,140,128,ふくつのたて,,
ムゲンダイナ,通常,どく,ドラゴン,140,85,95,145,95,130,プレッシャー,,
ムゲンダイナ,ムゲンダイマックス,どく,ドラゴン,255,115,250,125,250,130,プレッシャー,,
ダクマ,通常,かくとう,,60,90,60,53,50,72,せいしんりょく,,
ウーラオス,いちげきのかた,かくとう,あく,100,130,100,63,60,97,ふかしのこぶし,,
ウーラオス,れんげきのかた,かくとう,みず,100,130,100,63,60,97,ふかしのこぶし,,
ウーラオス,キョダイマックス,かくとう,あく,100,130,100,63,60,97,ふかしのこぶし,,
ウーラオス,キョダイマックス,かくとう,みず,100,130,100,63,60,97,ふかしのこぶし,,
ザルード,通常,あく,くさ,105,120,105,70,95,105,リーフガード,,
ザルード,とうちゃん,あく,くさ,105,120,105,70,95,105,リーフガード,,
レジエレキ,通常,でんき,,80,100,50,100,50,200,トランジスタ,,
レジドラゴ,通常,ドラゴン,,200,100,50,100,50,80,りゅうのあぎと,,
ブリザポス,通常,こおり,,100,145,130,65,110,30,しろのいななき,,
レイスポス,通常,ゴースト,,100,65,60,145,80,130,くろのいななき,,
バドレックス,通常,エスパー,くさ,100,80,80,80,80,80,きんちょうかん,,
バドレックス,はくばじょうのすがた,エスパー,こおり,100,165,150,85,130,50,じんばいったい,,
バドレックス,こくばじょうのすがた,エスパー,ゴースト,100,85,80,165,100,150,じんばいったい,,
アヤシシ,通常,ノーマル,エスパー,103,105,72,105,75,65,いかく,おみとおし,そうしょく
バサギリ,通常,むし,いわ,70,135,95,45,70,85,むしのしらせ,ちからずく,きれあじ
ガチグマ,通常,じめん,ノーマル,130,140,105,45,80,50,こんじょう,ぼうだん,きんちょうかん
ガチグマ,アカツキ,じめん,ノーマル,113,70,120,135,65,52,しんがん,,
イダイトウ,オスのすがた,みず,ゴースト,120,112,65,80,75,78,すいすい,てきおうりょく,かたやぶり
イダイトウ,メスのすがた,みず,ゴースト,120,92,65,100,75,78,すいすい,てきおうりょく,かたやぶり
オオニューラ,通常,かくとう,どく,80,130,60,40,80,120,プレッシャー,かるわざ,どくしゅ
ハリーマン,通常,あく,どく,85,115,95,65,65,85,どくのトゲ,すいすい,いかく
ラブトロス,けしんフォルム,フェアリー,ひこう,74,115,70,135,80,106,メロメロボディ,,あまのじゃく
ラブトロス,れいじゅうフォルム,フェアリー,ひこう,74,115,110,135,100,46,ぼうじん,,
ニャオハ,通常,くさ,,40,61,54,45,45,65,しんりょく,,へんげんじざい
ニャローテ,通常,くさ,,61,80,63,60,63,83,しんりょく,,へんげんじざい
マスカーニャ,通常,くさ,あく,76,110,70,81,70,123,しんりょく,,へんげんじざい
ホゲータ,通常,ほのお,,67,45,59,63,40,36,もうか,,てんねん
アチゲータ,通常,ほのお,,81,55,78,90,58,49,もうか,,てんねん
ラウドボーン,通常,ほのお,ゴースト,104,75,100,110,75,66,もうか,,てんねん
クワッス,通常,みず,,55,65,45,50,45,50,げきりゅう,,じしんかじょう
ウェルカモ,通常,みず,,70,85,65,65,60,65,げきりゅう,,じしんかじょう
ウェーニバル,通常,みず,かくとう,85,120,80,85,75,85,げきりゅう,,じしんかじょう
グルトン,通常,ノーマル,,54,45,40,35,45,35,アロマベール,くいしんぼう,あついしぼう
パフュートン,オスのすがた,ノーマル,,110,100,75,59,80,65,とれないにおい,くいしんぼう,あついしぼう
パフュートン,メスのすがた,ノーマル,,115,90,70,59,90,65,アロマベール,くいしんぼう,あついしぼう
タマンチュラ,通常,むし,,35,41,45,29,40,20,ふみん,,はりこみ
ワナイダー,通常,むし,,60,79,92,52,86,35,ふみん,,はりこみ
マメバッタ,通常,むし,,33,46,40,21,25,45,むしのしらせ,,いろめがね
エクスレッグ,通常,むし,あく,71,102,78,52,55,92,むしのしらせ,,いろめがね
パモ,通常,でんき,,45,50,20,40,25,60,せいでんき,しぜんかいふく,てつのこぶし
パモット,通常,でんき,かくとう,60,75,40,50,40,85,ちくでん,しぜんかいふく,てつのこぶし
パーモット,通常,でんき,かくとう,70,115,70,70,60,105,ちくでん,しぜんかいふく,てつのこぶし
ワッカネズミ,通常,ノーマル,,50,50,45,40,45,75,にげあし,ものひろい,マイペース
イッカネズミ,４ひきかぞく,ノーマル,,74,75,70,65,75,111,フレンドガード,ほおぶくろ,テクニシャン
イッカネズミ,３びきかぞく,ノーマル,,74,75,70,65,75,111,フレンドガード,ほおぶくろ,テクニシャン
パピモッチ,通常,フェアリー,,37,55,70,30,55,65,マイペース,,ぶきよう
バウッツェル,通常,フェアリー,,57,80,115,50,80,95,こんがりボディ,,アロマベール
ミニーブ,通常,くさ,ノーマル,41,35,45,58,51,30,はやおき,,しゅうかく
オリーニョ,通常,くさ,ノーマル,52,53,60,78,78,33,はやおき,,しゅうかく
オリーヴァ,通常,くさ,ノーマル,78,69,90,125,109,39,こぼれダネ,,しゅうかく
イキリンコ,グリーンフェザー,ノーマル,ひこう,82,96,51,45,51,92,いかく,はりきり,こんじょう
イキリンコ,ブルーフェザー,ノーマル,ひこう,82,96,51,45,51,92,いかく,はりきり,こんじょう
イキリンコ,イエローフェザー,ノーマル,ひこう,82,96,51,45,51,92,いかく,はりきり,ちからずく
イキリンコ,ホワイトフェザー,ノーマル,ひこう,82,96,51,45,51,92,いかく,はりきり,ちからずく
コジオ,通常,いわ,,55,55,75,35,35,25,きよめのしお,がんじょう,クリアボディ
ジオヅム,通常,いわ,,60,60,100,35,65,35,きよめのしお,がんじょう,クリアボディ
キョジオーン,通常,いわ,,100,100,130,45,90,35,きよめのしお,がんじょう,クリアボディ
カルボウ,通常,ほのお,,40,50,40,50,40,35,もらいび,,ほのおのからだ
グレンアルマ,通常,ほのお,エスパー,85,60,100,125,80,75,もらいび,,くだけるよろい
ソウブレイズ,通常,ほのお,ゴースト,75,125,80,60,100,85,もらいび,,くだけるよろい
ズピカ,通常,でんき,,61,31,41,59,35,45,マイペース,せいでんき,しめりけ
ハラバリー,通常,でんき,,109,64,91,103,83,45,でんきにかえる,せいでんき,しめりけ
カイデン,通常,でんき,ひこう,40,40,35,55,40,70,ふうりょくでんき,ちくでん,かちき
タイカイデン,通常,でんき,ひこう,70,70,60,105,60,125,ふうりょくでんき,ちくでん,かちき
オラチフ,通常,あく,,60,78,60,40,51,51,いかく,にげあし,はりこみ
マフィティフ,通常,あく,,80,120,90,60,70,85,いかく,ばんけん,はりこみ
シルシュルー,通常,どく,ノーマル,40,65,35,40,35,75,かるわざ,わるいてぐせ,いたずらごころ
タギングル,通常,どく,ノーマル,63,95,65,80,72,110,かるわざ,どくしゅ,いたずらごころ
アノクサ,通常,くさ,ゴースト,40,65,30,45,35,60,かぜのり,,すりぬけ
アノホラグサ,通常,くさ,ゴースト,55,115,70,80,70,90,かぜのり,,すりぬけ
ノノクラゲ,通常,じめん,くさ,40,40,35,50,100,70,きんしのちから,,きんしのちから
リククラゲ,通常,じめん,くさ,80,70,65,80,120,100,きんしのちから,,きんしのちから
ガケガニ,通常,いわ,,70,100,115,35,55,75,いかりのこうら,シェルアーマー,さいせいりょく
カプサイジ,通常,くさ,,50,62,40,62,40,50,ようりょくそ,ふみん,ぶきよう
スコヴィラン,通常,くさ,ほのお,65,108,65,108,65,75,ようりょくそ,ふみん,ムラっけ
シガロコ,通常,むし,,41,50,60,31,58,30,ふくがん,,だっぴ
ベラカス,通常,むし,エスパー,75,50,85,115,100,45,シンクロ,,テレパシー
ヒラヒナ,通常,エスパー,,30,35,30,55,30,75,きけんよち,おみとおし,かそく
クエスパトラ,通常,エスパー,,95,60,60,101,60,105,びんじょう,おみとおし,かそく
カヌチャン,通常,フェアリー,はがね,50,45,45,35,64,58,かたやぶり,マイペース,わるいてぐせ
ナカヌチャン,通常,フェアリー,はがね,65,55,55,45,82,78,かたやぶり,マイペース,わるいてぐせ
デカヌチャン,通常,フェアリー,はがね,85,75,77,70,105,94,かたやぶり,マイペース,わるいてぐせ
ウミディグダ,通常,みず,,10,55,25,35,25,95,ぬめぬめ,びびり,すながくれ
ウミトリオ,通常,みず,,35,100,50,50,70,120,ぬめぬめ,びびり,すながくれ
オトシドリ,通常,ひこう,あく,70,103,85,60,85,82,はとむね,するどいめ,いわはこび
ナミイルカ,通常,みず,,70,45,40,45,40,75,みずのベール,,みずのベール
イルカマン,ナイーブフォルム,みず,,100,70,72,53,62,100,マイティチェンジ,,マイティチェンジ
イルカマン,マイティフォルム,みず,,100,160,97,106,87,100,マイティチェンジ,,マイティチェンジ
ブロロン,通常,はがね,どく,45,70,63,30,45,47,ぼうじん,,スロースタート
ブロロローム,通常,はがね,どく,80,119,90,54,67,90,ぼうじん,,フィルター
モトトカゲ,通常,ドラゴン,ノーマル,70,95,65,85,65,121,だっぴ,,さいせいりょく
ミミズズ,通常,はがね,,70,85,145,60,55,65,どしょく,,すながくれ
キラーメ,通常,いわ,どく,48,35,42,105,60,60,どくげしょう,,ふしょく
キラフロル,通常,いわ,どく,83,55,90,130,81,86,どくげしょう,,ふしょく
ボチ,通常,ゴースト,,50,61,60,30,55,34,ものひろい,,もふもふ
ハカドッグ,通常,ゴースト,,72,101,100,50,97,68,すなかき,,もふもふ
カラミンゴ,通常,ひこう,かくとう,82,115,74,75,64,90,きもったま,ちどりあし,きょうえん
アルクジラ,通常,こおり,,108,68,45,30,40,43,あついしぼう,ゆきがくれ,ちからずく
ハルクジラ,通常,こおり,,170,113,65,45,55,73,あついしぼう,ゆきかき,ちからずく
ミガルーサ,通常,みず,エスパー,90,102,73,78,65,70,かたやぶり,,きれあじ
ヘイラッシャ,通常,みず,,150,100,115,65,65,35,てんねん,どんかん,みずのベール
シャリタツ,そったすがた,ドラゴン,みず,68,50,60,120,95,82,しれいとう,,よびみず
シャリタツ,たれたすがた,ドラゴン,みず,68,50,60,120,95,82,しれいとう,,よびみず
シャリタツ,のびたすがた,ドラゴン,みず,68,50,60,120,95,82,しれいとう,,よびみず
コノヨザル,通常,かくとう,ゴースト,110,115,80,50,90,90,やるき,せいしんりょく,まけんき
ドオー,通常,どく,じめん,130,75,60,45,100,20,どくのトゲ,ちょすい,てんねん
リキキリン,通常,ノーマル,エスパー,120,90,70,110,70,60,はんすう,テイルアーマー,そうしょく
ノココッチ,ふたふしフォルム,ノーマル,,125,100,80,85,75,55,てんのめぐみ,にげあし,びびり
ノココッチ,みつふしフォルム,ノーマル,,125,100,80,85,75,55,てんのめぐみ,にげあし,びびり
ドドゲザン,通常,あく,はがね,100,135,120,60,85,50,まけんき,そうだいしょう,プレッシャー
イダイナキバ,通常,じめん,かくとう,115,131,131,53,53,87,こだいかっせい,,
サケブシッポ,通常,フェアリー,エスパー,115,65,99,65,115,111,こだいかっせい,,
アラブルタケ,通常,くさ,あく,111,127,99,79,99,55,こだいかっせい,,
ハバタクカミ,通常,ゴースト,フェアリー,55,55,55,135,135,135,こだいかっせい,,
チヲハウハネ,通常,むし,かくとう,85,135,79,85,105,81,こだいかっせい,,
スナノケガワ,通常,でんき,じめん,85,81,97,121,85,101,こだいかっせい,,
テツノワダチ,通常,じめん,はがね,90,112,120,72,70,106,クォークチャージ,,
テツノツツミ,通常,こおり,みず,56,80,114,124,60,136,クォークチャージ,,
テツノカイナ,通常,かくとう,でんき,154,140,108,50,68,50,クォークチャージ,,
テツノコウベ,通常,あく,ひこう,94,80,86,122,80,108,クォークチャージ,,
テツノドクガ,通常,ほのお,どく,80,70,60,140,110,110,クォークチャージ,,
テツノイバラ,通常,いわ,でんき,100,134,110,70,84,72,クォークチャージ,,
セビエ,通常,ドラゴン,こおり,65,75,45,35,45,55,ねつこうかん,,アイスボディ
セゴール,通常,ドラゴン,こおり,90,95,66,45,65,62,ねつこうかん,,アイスボディ
セグレイブ,通常,ドラゴン,こおり,115,145,92,75,86,87,ねつこうかん,,アイスボディ
コレクレー,通常,ゴースト,,45,30,70,75,70,10,びびり,,
コレクレー,とほフォルム,ゴースト,,45,30,25,75,45,80,にげあし,,にげあし
サーフゴー,通常,はがね,ゴースト,87,60,95,133,91,84,おうごんのからだ,,
チオンジェン,通常,あく,くさ,85,85,100,95,135,70,わざわいのおふだ,,
パオジアン,通常,あく,こおり,80,120,80,90,65,135,わざわいのつるぎ,,
ディンルー,通常,あく,じめん,155,110,125,55,80,45,わざわいのうつわ,,
イーユイ,通常,あく,ほのお,55,80,80,135,120,100,わざわいのたま,,
トドロクツキ,通常,ドラゴン,あく,105,139,71,55,101,119,こだいかっせい,,
テツノブジン,通常,フェアリー,かくとう,74,130,90,120,60,116,クォークチャージ,,
コライドン,通常,かくとう,ドラゴン,100,135,115,85,100,135,ひひいろのこどう,,
コライドン,せいげんけいたい,かくとう,ドラゴン,100,135,115,85,100,135,ひひいろのこどう,,ひひいろのこどう
コライドン,しっそうけいたい,かくとう,ドラゴン,100,135,115,85,100,135,ひひいろのこどう,,ひひいろのこどう
コライドン,ゆうえいけいたい,かくとう,ドラゴン,100,135,115,85,100,135,ひひいろのこどう,,ひひいろのこどう
コライドン,かっくうけいたい,かくとう,ドラゴン,100,135,115,85,100,135,ひひいろのこどう,,ひひいろのこどう
ミライドン,通常,でんき,ドラゴン,100,85,100,135,115,135,ハドロンエンジン,,
ミライドン,リミテッドモード,でんき,ドラゴン,100,85,100,135,115,135,ハドロンエンジン,,ハドロンエンジン
ミライドン,ドライブモード,でんき,ドラゴン,100,85,100,135,115,135,ハドロンエンジン,,ハドロンエンジン
ミライドン,フロートモード,でんき,ドラゴン,100,85,100,135,115,135,ハドロンエンジン,,ハドロンエンジン
ミライドン,グライドモード,でんき,ドラゴン,100,85,100,135,115,135,ハドロンエンジン,,ハドロンエンジン
ウネルミナモ,通常,みず,ドラゴン,99,83,91,125,83,109,こだいかっせい,,
テツノイサハ,通常,くさ,エスパー,90,130,88,70,108,104,クォークチャージ,,
カミッチュ,通常,くさ,ドラゴン,80,80,110,95,80,40,かんろなミツ,くいしんぼう,ねんちゃく
チャデス,通常,くさ,ゴースト,40,45,45,74,54,50,おもてなし,,たいねつ
ヤバソチャ,通常,くさ,ゴースト,71,60,106,121,80,70,おもてなし,,たいねつ
イイネイヌ,通常,どく,かくとう,88,128,115,58,86,80,どくのくさり,,ばんけん
マシマシラ,通常,どく,エスパー,88,75,66,130,90,106,どくのくさり,,おみとおし
キチキギス,通常,どく,フェアリー,88,91,82,70,125,99,どくのくさり,,テクニシャン
オーガポン,みどりのめん,くさ,,80,120,84,60,96,110,まけんき,,
オーガポン,いどのめん,くさ,みず,80,120,84,60,96,110,ちょすい,,
オーガポン,かまどのめん,くさ,ほのお,80,120,84,60,96,110,かたやぶり,,
オーガポン,いしずえのめん,くさ,いわ,80,120,84,60,96,110,がんじょう,,
ブリジュラス,通常,はがね,ドラゴン,90,105,130,125,65,85,じきゅうりょく,がんじょう,すじがねいり
カミツオロチ,通常,くさ,ドラゴン,106,80,110,120,80,44,かんろなミツ,さいせいりょく,ねんちゃく
ウガツホムラ,通常,ほのお,ドラゴン,105,115,121,65,93,91,こだいかっせい,,
タケルライコ,通常,でんき,ドラゴン,125,73,91,137,89,75,こだいかっせい,,
テツノイワオ,通常,いわ,エスパー,90,120,80,68,108,124,クォークチャージ,,
テツノカシラ,通常,はがね,エスパー,90,72,100,122,108,98,クォークチャージ,,
テラパゴス,ノーマルフォルム,ノーマル,,90,65,85,65,85,60,テラスチェンジ,,
テラパゴス,テラスタルフォルム,ノーマル,,95,95,110,105,110,85,テラスシェル,,
テラパゴス,ステラフォルム,ノーマル,,160,105,110,130,110,85,ゼロフォーミング,,
モモワロウ,通常,どく,ゴースト,88,88,160,88,88,88,どくくぐつ,,
